timestamp_ms,input_voltage,output_voltage,tachometer,shaft_speed_hz,load_factor,fault_label
0.0,2.4983,3.1661,0.0,35.0,0.5,BROKEN_TOOTH
0.1,2.3144,3.0008,0.0,35.0,0.5,BROKEN_TOOTH
0.2,2.1453,2.7564,0.0,35.0,0.5,BROKEN_TOOTH
0.3,1.942,2.4622,0.0,35.0,0.5,BROKEN_TOOTH
0.4,1.669,2.1005,0.0,35.0,0.5,BROKEN_TOOTH
0.5,1.3266,1.5718,5.0,35.0,0.5,BROKEN_TOOTH
0.6,1.0528,1.3103,5.0,35.0,0.5,BROKEN_TOOTH
0.7,0.9751,1.0213,5.0,35.0,0.5,BROKEN_TOOTH
0.8,0.8467,0.9789,5.0,35.0,0.5,BROKEN_TOOTH
0.9,0.9485,1.1286,5.0,35.0,0.5,BROKEN_TOOTH
1.0,0.9252,1.2096,5.0,35.0,0.5,BROKEN_TOOTH
1.1,0.9503,1.199,0.0,35.0,0.5,BROKEN_TOOTH
1.2,0.8276,0.9548,0.0,35.0,0.5,BROKEN_TOOTH
1.3,0.665,0.7543,0.0,35.0,0.5,BROKEN_TOOTH
1.4,0.4651,0.5468,0.0,35.0,0.5,BROKEN_TOOTH
1.5,0.4136,0.3036,0.0,35.0,0.5,BROKEN_TOOTH
1.6,0.264,0.1803,0.0,35.0,0.5,BROKEN_TOOTH
1.7,0.3149,0.3338,0.0,35.0,0.5,BROKEN_TOOTH
1.8,0.5676,0.4389,0.0,35.0,0.5,BROKEN_TOOTH
1.9,0.6146,0.719,0.0,35.0,0.5,BROKEN_TOOTH
2.0,0.4857,0.763,0.0,35.0,0.5,BROKEN_TOOTH
2.1,0.5241,0.6343,0.0,35.0,0.5,BROKEN_TOOTH
2.2,0.3358,0.4798,0.0,35.0,0.5,BROKEN_TOOTH
2.3,0.2338,0.1938,0.0,35.0,0.5,BROKEN_TOOTH
2.4,0.0251,0.0759,0.0,35.0,0.5,BROKEN_TOOTH
2.5,0.1656,0.0929,0.0,35.0,0.5,BROKEN_TOOTH
2.6,0.1976,0.1503,0.0,35.0,0.5,BROKEN_TOOTH
2.7,0.3912,0.321,0.0,35.0,0.5,BROKEN_TOOTH
2.8,0.4274,0.4244,0.0,35.0,0.5,BROKEN_TOOTH
2.9,0.5625,0.5754,0.0,35.0,0.5,BROKEN_TOOTH
3.0,0.4932,0.5494,0.0,35.0,0.5,BROKEN_TOOTH
3.1,0.4721,0.3754,0.0,35.0,0.5,BROKEN_TOOTH
3.2,0.3347,0.1493,0.0,35.0,0.5,BROKEN_TOOTH
3.3,0.2189,-0.0345,5.0,35.0,0.5,BROKEN_TOOTH
3.4,0.1688,-0.1025,5.0,35.0,0.5,BROKEN_TOOTH
3.5,0.379,0.1091,5.0,35.0,0.5,BROKEN_TOOTH
3.6,0.3428,0.3255,5.0,35.0,0.5,BROKEN_TOOTH
3.7,0.4723,0.5039,5.0,35.0,0.5,BROKEN_TOOTH
3.8,0.5857,0.6177,5.0,35.0,0.5,BROKEN_TOOTH
3.9,0.6552,0.6112,0.0,35.0,0.5,BROKEN_TOOTH
4.0,0.4002,0.3195,0.0,35.0,0.5,BROKEN_TOOTH
4.1,0.2737,0.1076,0.0,35.0,0.5,BROKEN_TOOTH
4.2,0.1351,-0.0116,0.0,35.0,0.5,BROKEN_TOOTH
4.3,0.2697,0.0271,0.0,35.0,0.5,BROKEN_TOOTH
4.4,0.372,0.1294,0.0,35.0,0.5,BROKEN_TOOTH
4.5,0.5071,0.3891,0.0,35.0,0.5,BROKEN_TOOTH
4.6,0.5556,0.5824,0.0,35.0,0.5,BROKEN_TOOTH
4.7,0.5935,0.6307,0.0,35.0,0.5,BROKEN_TOOTH
4.8,0.511,0.5615,0.0,35.0,0.5,BROKEN_TOOTH
4.9,0.4597,0.3785,0.0,35.0,0.5,BROKEN_TOOTH
5.0,0.2739,0.0757,0.0,35.0,0.5,BROKEN_TOOTH
5.1,0.1972,0.0873,0.0,35.0,0.5,BROKEN_TOOTH
5.2,0.2551,0.0516,0.0,35.0,0.5,BROKEN_TOOTH
5.3,0.3568,0.1874,0.0,35.0,0.5,BROKEN_TOOTH
5.4,0.4962,0.3998,0.0,35.0,0.5,BROKEN_TOOTH
5.5,0.6599,0.6471,0.0,35.0,0.5,BROKEN_TOOTH
5.6,0.6735,0.6643,0.0,35.0,0.5,BROKEN_TOOTH
5.7,0.5938,0.5002,0.0,35.0,0.5,BROKEN_TOOTH
5.8,0.4925,0.4221,0.0,35.0,0.5,BROKEN_TOOTH
5.9,0.3063,0.1365,0.0,35.0,0.5,BROKEN_TOOTH
6.0,0.2931,0.1152,0.0,35.0,0.5,BROKEN_TOOTH
6.1,0.3204,0.1598,0.0,35.0,0.5,BROKEN_TOOTH
6.2,0.3452,0.3559,5.0,35.0,0.5,BROKEN_TOOTH
6.3,0.6101,0.6135,5.0,35.0,0.5,BROKEN_TOOTH
6.4,0.6233,0.6198,5.0,35.0,0.5,BROKEN_TOOTH
6.5,0.696,0.725,5.0,35.0,0.5,BROKEN_TOOTH
6.6,0.6802,0.6133,5.0,35.0,0.5,BROKEN_TOOTH
6.7,0.5389,0.4588,5.0,35.0,0.5,BROKEN_TOOTH
6.8,0.3671,0.2615,0.0,35.0,0.5,BROKEN_TOOTH
6.9,0.2831,0.1415,0.0,35.0,0.5,BROKEN_TOOTH
7.0,0.3783,0.1867,0.0,35.0,0.5,BROKEN_TOOTH
7.1,0.4743,0.3228,0.0,35.0,0.5,BROKEN_TOOTH
7.2,0.5473,0.6403,0.0,35.0,0.5,BROKEN_TOOTH
7.3,0.6387,0.7702,0.0,35.0,0.5,BROKEN_TOOTH
7.4,0.5899,0.8221,0.0,35.0,0.5,BROKEN_TOOTH
7.5,0.6237,0.6511,0.0,35.0,0.5,BROKEN_TOOTH
7.6,0.4783,0.4404,0.0,35.0,0.5,BROKEN_TOOTH
7.7,0.4125,0.2367,0.0,35.0,0.5,BROKEN_TOOTH
7.8,0.3135,0.2259,0.0,35.0,0.5,BROKEN_TOOTH
7.9,0.3965,0.2154,0.0,35.0,0.5,BROKEN_TOOTH
8.0,0.4065,0.5355,0.0,35.0,0.5,BROKEN_TOOTH
8.1,0.6333,0.5887,0.0,35.0,0.5,BROKEN_TOOTH
8.2,0.6432,0.8166,0.0,35.0,0.5,BROKEN_TOOTH
8.3,0.7145,0.8995,0.0,35.0,0.5,BROKEN_TOOTH
8.4,0.5174,0.7327,0.0,35.0,0.5,BROKEN_TOOTH
8.5,0.4646,0.5151,0.0,35.0,0.5,BROKEN_TOOTH
8.6,0.2278,0.2794,0.0,35.0,0.5,BROKEN_TOOTH
8.7,0.2578,0.1853,0.0,35.0,0.5,BROKEN_TOOTH
8.8,0.3319,0.3619,0.0,35.0,0.5,BROKEN_TOOTH
8.9,0.3971,0.5797,0.0,35.0,0.5,BROKEN_TOOTH
9.0,0.5027,0.6918,5.0,35.0,0.5,BROKEN_TOOTH
9.1,0.6836,0.7975,5.0,35.0,0.5,BROKEN_TOOTH
9.2,0.6331,0.739,5.0,35.0,0.5,BROKEN_TOOTH
9.3,0.521,0.6859,5.0,35.0,0.5,BROKEN_TOOTH
9.4,0.4067,0.5305,5.0,35.0,0.5,BROKEN_TOOTH
9.5,0.412,0.4422,5.0,35.0,0.5,BROKEN_TOOTH
9.6,0.2865,0.3318,0.0,35.0,0.5,BROKEN_TOOTH
9.7,0.3303,0.3917,0.0,35.0,0.5,BROKEN_TOOTH
9.8,0.4088,0.5423,0.0,35.0,0.5,BROKEN_TOOTH
9.9,0.5242,0.7403,0.0,35.0,0.5,BROKEN_TOOTH
10.0,0.4749,0.972,0.0,35.0,0.5,BROKEN_TOOTH
10.1,0.549,0.9084,0.0,35.0,0.5,BROKEN_TOOTH
10.2,0.4591,0.658,0.0,35.0,0.5,BROKEN_TOOTH
10.3,0.2457,0.5287,0.0,35.0,0.5,BROKEN_TOOTH
10.4,0.1589,0.3506,0.0,35.0,0.5,BROKEN_TOOTH
10.5,0.0712,0.3115,0.0,35.0,0.5,BROKEN_TOOTH
10.6,0.2163,0.4545,0.0,35.0,0.5,BROKEN_TOOTH
10.7,0.3755,0.6111,0.0,35.0,0.5,BROKEN_TOOTH
10.8,0.5156,0.8171,0.0,35.0,0.5,BROKEN_TOOTH
10.9,0.5526,1.0101,0.0,35.0,0.5,BROKEN_TOOTH
11.0,0.4635,0.8955,0.0,35.0,0.5,BROKEN_TOOTH
11.1,0.3086,0.8803,0.0,35.0,0.5,BROKEN_TOOTH
11.2,0.1714,0.5513,0.0,35.0,0.5,BROKEN_TOOTH
11.3,0.0756,0.4259,0.0,35.0,0.5,BROKEN_TOOTH
11.4,0.0533,0.3622,0.0,35.0,0.5,BROKEN_TOOTH
11.5,0.1426,0.4789,0.0,35.0,0.5,BROKEN_TOOTH
11.6,0.2177,0.689,0.0,35.0,0.5,BROKEN_TOOTH
11.7,0.4078,0.8896,0.0,35.0,0.5,BROKEN_TOOTH
11.8,0.4437,0.9446,0.0,35.0,0.5,BROKEN_TOOTH
11.9,0.4274,0.9012,5.0,35.0,0.5,BROKEN_TOOTH
12.0,0.3715,0.9317,5.0,35.0,0.5,BROKEN_TOOTH
12.1,0.108,0.5791,5.0,35.0,0.5,BROKEN_TOOTH
12.2,0.0708,0.4807,5.0,35.0,0.5,BROKEN_TOOTH
12.3,0.0134,0.3299,5.0,35.0,0.5,BROKEN_TOOTH
12.4,0.0554,0.5015,5.0,35.0,0.5,BROKEN_TOOTH
12.5,0.2356,0.7064,0.0,35.0,0.5,BROKEN_TOOTH
12.6,0.3545,0.9337,0.0,35.0,0.5,BROKEN_TOOTH
12.7,0.3209,0.879,0.0,35.0,0.5,BROKEN_TOOTH
12.8,0.3229,0.9877,0.0,35.0,0.5,BROKEN_TOOTH
12.9,0.2283,0.7639,0.0,35.0,0.5,BROKEN_TOOTH
13.0,0.0522,0.6339,0.0,35.0,0.5,BROKEN_TOOTH
13.1,-0.0183,0.4145,0.0,35.0,0.5,BROKEN_TOOTH
13.2,-0.0631,0.3978,0.0,35.0,0.5,BROKEN_TOOTH
13.3,0.0776,0.5405,0.0,35.0,0.5,BROKEN_TOOTH
13.4,0.0303,0.7018,0.0,35.0,0.5,BROKEN_TOOTH
13.5,0.2168,0.9235,0.0,35.0,0.5,BROKEN_TOOTH
13.6,0.2284,0.983,0.0,35.0,0.5,BROKEN_TOOTH
13.7,0.2605,0.9046,0.0,35.0,0.5,BROKEN_TOOTH
13.8,0.027,0.8824,0.0,35.0,0.5,BROKEN_TOOTH
13.9,-0.0232,0.5629,0.0,35.0,0.5,BROKEN_TOOTH
14.0,-0.1811,0.474,0.0,35.0,0.5,BROKEN_TOOTH
14.1,-0.2094,0.5047,0.0,35.0,0.5,BROKEN_TOOTH
14.2,-0.1764,0.558,0.0,35.0,0.5,BROKEN_TOOTH
14.3,-0.0048,0.75,0.0,35.0,0.5,BROKEN_TOOTH
14.4,0.1857,0.9907,0.0,35.0,0.5,BROKEN_TOOTH
14.5,0.1748,1.1207,0.0,35.0,0.5,BROKEN_TOOTH
14.6,0.1572,0.9494,0.0,35.0,0.5,BROKEN_TOOTH
14.7,0.0826,0.8291,0.0,35.0,0.5,BROKEN_TOOTH
14.8,-0.1352,0.5467,5.0,35.0,0.5,BROKEN_TOOTH
14.9,-0.2803,0.4759,5.0,35.0,0.5,BROKEN_TOOTH
15.0,-0.2451,0.4913,5.0,35.0,0.5,BROKEN_TOOTH
15.1,-0.2213,0.5763,5.0,35.0,0.5,BROKEN_TOOTH
15.2,-0.095,0.8005,5.0,35.0,0.5,BROKEN_TOOTH
15.3,-0.0357,0.9357,0.0,35.0,0.5,BROKEN_TOOTH
15.4,0.125,1.0852,0.0,35.0,0.5,BROKEN_TOOTH
15.5,0.0029,1.0668,0.0,35.0,0.5,BROKEN_TOOTH
15.6,-0.0984,0.7819,0.0,35.0,0.5,BROKEN_TOOTH
15.7,-0.3055,0.6034,0.0,35.0,0.5,BROKEN_TOOTH
15.8,-0.3302,0.5292,0.0,35.0,0.5,BROKEN_TOOTH
15.9,-0.3988,0.5685,0.0,35.0,0.5,BROKEN_TOOTH
16.0,-0.2875,0.5702,0.0,35.0,0.5,BROKEN_TOOTH
16.1,-0.1104,0.8419,0.0,35.0,0.5,BROKEN_TOOTH
16.2,-0.0075,1.0416,0.0,35.0,0.5,BROKEN_TOOTH
16.3,-0.0156,1.0872,0.0,35.0,0.5,BROKEN_TOOTH
16.4,-0.1651,0.8909,0.0,35.0,0.5,BROKEN_TOOTH
16.5,-0.0593,0.857,0.0,35.0,0.5,BROKEN_TOOTH
16.6,-0.2656,0.7072,0.0,35.0,0.5,BROKEN_TOOTH
16.7,-0.4087,0.5141,0.0,35.0,0.5,BROKEN_TOOTH
16.8,-0.4833,0.4704,0.0,35.0,0.5,BROKEN_TOOTH
16.9,-0.365,0.6404,0.0,35.0,0.5,BROKEN_TOOTH
17.0,-0.2585,0.9608,0.0,35.0,0.5,BROKEN_TOOTH
17.1,-0.0636,1.0886,0.0,35.0,0.5,BROKEN_TOOTH
17.2,-0.0866,1.1295,0.0,35.0,0.5,BROKEN_TOOTH
17.3,-0.2064,1.0277,0.0,35.0,0.5,BROKEN_TOOTH
17.4,-0.3248,0.7889,0.0,35.0,0.5,BROKEN_TOOTH
17.5,-0.3862,0.6132,0.0,35.0,0.5,BROKEN_TOOTH
17.6,-0.4473,0.5044,5.0,35.0,0.5,BROKEN_TOOTH
17.7,-0.4435,0.5592,5.0,35.0,0.5,BROKEN_TOOTH
17.8,-0.3895,0.758,5.0,35.0,0.5,BROKEN_TOOTH
17.9,-0.3101,0.945,5.0,35.0,0.5,BROKEN_TOOTH
18.0,-0.3577,0.9823,5.0,35.0,0.5,BROKEN_TOOTH
18.1,-0.159,1.1082,5.0,35.0,0.5,BROKEN_TOOTH
18.2,-0.2461,1.0363,0.0,35.0,0.5,BROKEN_TOOTH
18.3,-0.3742,0.8379,0.0,35.0,0.5,BROKEN_TOOTH
18.4,-0.516,0.5793,0.0,35.0,0.5,BROKEN_TOOTH
18.5,-0.6626,0.6497,0.0,35.0,0.5,BROKEN_TOOTH
18.6,-0.5525,0.4734,0.0,35.0,0.5,BROKEN_TOOTH
18.7,-0.45,0.6402,0.0,35.0,0.5,BROKEN_TOOTH
18.8,-0.3157,0.9123,0.0,35.0,0.5,BROKEN_TOOTH
18.9,-0.2033,1.1635,0.0,35.0,0.5,BROKEN_TOOTH
19.0,-0.2037,1.0488,0.0,35.0,0.5,BROKEN_TOOTH
19.1,-0.3308,0.9702,0.0,35.0,0.5,BROKEN_TOOTH
19.2,-0.4497,0.8408,0.0,35.0,0.5,BROKEN_TOOTH
19.3,-0.5749,0.5929,0.0,35.0,0.5,BROKEN_TOOTH
19.4,-0.6438,0.4788,0.0,35.0,0.5,BROKEN_TOOTH
19.5,-0.5747,0.5666,0.0,35.0,0.5,BROKEN_TOOTH
19.6,-0.4873,0.7151,0.0,35.0,0.5,BROKEN_TOOTH
19.7,-0.2822,0.9584,0.0,35.0,0.5,BROKEN_TOOTH
19.8,-0.1792,1.1211,0.0,35.0,0.5,BROKEN_TOOTH
19.9,-0.2737,1.094,0.0,35.0,0.5,BROKEN_TOOTH
20.0,-0.5498,0.9768,0.0,35.0,0.5,BROKEN_TOOTH
20.1,-0.432,0.7726,0.0,35.0,0.5,BROKEN_TOOTH
20.2,-0.6494,0.5967,0.0,35.0,0.5,BROKEN_TOOTH
20.3,-0.724,0.4855,0.0,35.0,0.5,BROKEN_TOOTH
20.4,-0.6705,0.5351,0.0,35.0,0.5,BROKEN_TOOTH
20.5,-0.5617,0.7637,5.0,35.0,0.5,BROKEN_TOOTH
20.6,-0.3737,0.9838,5.0,35.0,0.5,BROKEN_TOOTH
20.7,-0.3885,0.9743,5.0,35.0,0.5,BROKEN_TOOTH
20.8,-0.3574,1.0614,5.0,35.0,0.5,BROKEN_TOOTH
20.9,-0.3702,0.901,5.0,35.0,0.5,BROKEN_TOOTH
21.0,-0.4917,0.7165,5.0,35.0,0.5,BROKEN_TOOTH
21.1,-0.6141,0.5665,0.0,35.0,0.5,BROKEN_TOOTH
21.2,-0.7386,0.4993,0.0,35.0,0.5,BROKEN_TOOTH
21.3,-0.706,0.5221,0.0,35.0,0.5,BROKEN_TOOTH
21.4,-0.5653,0.6059,0.0,35.0,0.5,BROKEN_TOOTH
21.5,-0.3916,0.8556,0.0,35.0,0.5,BROKEN_TOOTH
21.6,-0.2385,1.0822,0.0,35.0,0.5,BROKEN_TOOTH
21.7,-0.4129,0.9006,0.0,35.0,0.5,BROKEN_TOOTH
21.8,-0.4086,0.9628,0.0,35.0,0.5,BROKEN_TOOTH
21.9,-0.599,0.7235,0.0,35.0,0.5,BROKEN_TOOTH
22.0,-0.7328,0.5821,0.0,35.0,0.5,BROKEN_TOOTH
22.1,-0.6462,0.435,0.0,35.0,0.5,BROKEN_TOOTH
22.2,-0.6164,0.413,0.0,35.0,0.5,BROKEN_TOOTH
22.3,-0.4984,0.7161,0.0,35.0,0.5,BROKEN_TOOTH
22.4,-0.3375,0.9583,0.0,35.0,0.5,BROKEN_TOOTH
22.5,-0.32,1.0658,0.0,35.0,0.5,BROKEN_TOOTH
22.6,-0.3201,0.9758,0.0,35.0,0.5,BROKEN_TOOTH
22.7,-0.2794,0.8707,0.0,35.0,0.5,BROKEN_TOOTH
22.8,-0.5346,0.6316,0.0,35.0,0.5,BROKEN_TOOTH
22.9,-0.5976,0.4411,0.0,35.0,0.5,BROKEN_TOOTH
23.0,-0.6697,0.4679,0.0,35.0,0.5,BROKEN_TOOTH
23.1,-0.7031,0.4405,0.0,35.0,0.5,BROKEN_TOOTH
23.2,-0.5848,0.6385,0.0,35.0,0.5,BROKEN_TOOTH
23.3,-0.3737,0.825,5.0,35.0,0.5,BROKEN_TOOTH
23.4,-0.2079,0.9219,5.0,35.0,0.5,BROKEN_TOOTH
23.5,-0.2286,0.9822,5.0,35.0,0.5,BROKEN_TOOTH
23.6,-0.3155,0.8825,5.0,35.0,0.5,BROKEN_TOOTH
23.7,-0.5429,0.6055,5.0,35.0,0.5,BROKEN_TOOTH
23.8,-0.5189,0.3687,5.0,35.0,0.5,BROKEN_TOOTH
23.9,-0.6749,0.4335,0.0,35.0,0.5,BROKEN_TOOTH
24.0,-0.5484,0.5649,0.0,35.0,0.5,BROKEN_TOOTH
24.1,-0.4267,0.635,0.0,35.0,0.5,BROKEN_TOOTH
24.2,-0.2971,0.8371,0.0,35.0,0.5,BROKEN_TOOTH
24.3,-0.1412,0.9939,0.0,35.0,0.5,BROKEN_TOOTH
24.4,-0.2558,1.0169,0.0,35.0,0.5,BROKEN_TOOTH
24.5,-0.3841,0.7517,0.0,35.0,0.5,BROKEN_TOOTH
24.6,-0.4464,0.5004,0.0,35.0,0.5,BROKEN_TOOTH
24.7,-0.5676,0.4337,0.0,35.0,0.5,BROKEN_TOOTH
24.8,-0.3972,0.3993,0.0,35.0,0.5,BROKEN_TOOTH
24.9,-0.4568,0.4575,0.0,35.0,0.5,BROKEN_TOOTH
25.0,-0.374,0.6193,0.0,35.0,0.5,BROKEN_TOOTH
25.1,-0.2691,0.8869,0.0,35.0,0.5,BROKEN_TOOTH
25.2,-0.2343,0.9612,0.0,35.0,0.5,BROKEN_TOOTH
25.3,-0.2092,0.8534,0.0,35.0,0.5,BROKEN_TOOTH
25.4,-0.2512,0.729,0.0,35.0,0.5,BROKEN_TOOTH
25.5,-0.3149,0.4479,0.0,35.0,0.5,BROKEN_TOOTH
25.6,-0.4243,0.3911,0.0,35.0,0.5,BROKEN_TOOTH
25.7,-0.4792,0.3108,0.0,35.0,0.5,BROKEN_TOOTH
25.8,-0.424,0.4084,0.0,35.0,0.5,BROKEN_TOOTH
25.9,-0.2536,0.6214,0.0,35.0,0.5,BROKEN_TOOTH
26.0,-0.1569,0.8108,0.0,35.0,0.5,BROKEN_TOOTH
26.1,0.0261,0.9416,0.0,35.0,0.5,BROKEN_TOOTH
26.2,-0.0924,0.8728,5.0,35.0,0.5,BROKEN_TOOTH
26.3,-0.1892,0.6634,5.0,35.0,0.5,BROKEN_TOOTH
26.4,-0.4235,0.4984,5.0,35.0,0.5,BROKEN_TOOTH
26.5,-0.4107,0.3283,5.0,35.0,0.5,BROKEN_TOOTH
26.6,-0.3613,0.2639,5.0,35.0,0.5,BROKEN_TOOTH
26.7,-0.3669,0.3935,5.0,35.0,0.5,BROKEN_TOOTH
26.8,-0.2074,0.5877,0.0,35.0,0.5,BROKEN_TOOTH
26.9,0.004,0.8013,0.0,35.0,0.5,BROKEN_TOOTH
27.0,-0.0436,0.836,0.0,35.0,0.5,BROKEN_TOOTH
27.1,0.0542,0.7708,0.0,35.0,0.5,BROKEN_TOOTH
27.2,-0.1303,0.7104,0.0,35.0,0.5,BROKEN_TOOTH
27.3,-0.2493,0.4486,0.0,35.0,0.5,BROKEN_TOOTH
27.4,-0.3686,0.2188,0.0,35.0,0.5,BROKEN_TOOTH
27.5,-0.288,0.2723,0.0,35.0,0.5,BROKEN_TOOTH
27.6,-0.088,0.3721,0.0,35.0,0.5,BROKEN_TOOTH
27.7,-0.0261,0.5831,0.0,35.0,0.5,BROKEN_TOOTH
27.8,0.0232,0.7462,0.0,35.0,0.5,BROKEN_TOOTH
27.9,0.1832,0.8671,0.0,35.0,0.5,BROKEN_TOOTH
28.0,0.0756,0.7506,0.0,35.0,0.5,BROKEN_TOOTH
28.1,0.052,0.5461,0.0,35.0,0.5,BROKEN_TOOTH
28.2,-0.1012,0.3921,0.0,35.0,0.5,BROKEN_TOOTH
28.3,-0.3656,0.2143,0.0,35.0,0.5,BROKEN_TOOTH
28.4,-0.2559,0.2057,0.0,35.0,0.5,BROKEN_TOOTH
28.5,2.443,3.5455,0.0,35.0,0.5,BROKEN_TOOTH
28.6,2.2498,3.3388,0.0,35.0,0.5,BROKEN_TOOTH
28.7,2.0548,3.1755,0.0,35.0,0.5,BROKEN_TOOTH
28.8,1.8951,2.9059,0.0,35.0,0.5,BROKEN_TOOTH
28.9,1.5853,2.5512,0.0,35.0,0.5,BROKEN_TOOTH
29.0,1.3846,2.1188,5.0,35.0,0.5,BROKEN_TOOTH
29.1,1.2177,1.6889,5.0,35.0,0.5,BROKEN_TOOTH
29.2,0.9365,1.4066,5.0,35.0,0.5,BROKEN_TOOTH
29.3,0.9027,1.2919,5.0,35.0,0.5,BROKEN_TOOTH
29.4,0.8359,1.3052,5.0,35.0,0.5,BROKEN_TOOTH
29.5,0.8962,1.3648,5.0,35.0,0.5,BROKEN_TOOTH
29.6,0.9843,1.318,0.0,35.0,0.5,BROKEN_TOOTH
29.7,0.8777,1.4684,0.0,35.0,0.5,BROKEN_TOOTH
29.8,0.7368,1.2672,0.0,35.0,0.5,BROKEN_TOOTH
29.9,0.6261,0.9681,0.0,35.0,0.5,BROKEN_TOOTH
30.0,0.475,0.7721,0.0,35.0,0.5,BROKEN_TOOTH
30.1,0.268,0.4503,0.0,35.0,0.5,BROKEN_TOOTH
30.2,0.2432,0.5612,0.0,35.0,0.5,BROKEN_TOOTH
30.3,0.3629,0.5195,0.0,35.0,0.5,BROKEN_TOOTH
30.4,0.5155,0.7416,0.0,35.0,0.5,BROKEN_TOOTH
30.5,0.607,0.7902,0.0,35.0,0.5,BROKEN_TOOTH
30.6,0.5119,0.8625,0.0,35.0,0.5,BROKEN_TOOTH
30.7,0.6033,0.7513,0.0,35.0,0.5,BROKEN_TOOTH
30.8,0.3393,0.5027,0.0,35.0,0.5,BROKEN_TOOTH
30.9,0.2215,0.3237,0.0,35.0,0.5,BROKEN_TOOTH
31.0,0.1143,0.1624,0.0,35.0,0.5,BROKEN_TOOTH
31.1,0.314,0.1429,0.0,35.0,0.5,BROKEN_TOOTH
31.2,0.2948,0.2781,0.0,35.0,0.5,BROKEN_TOOTH
31.3,0.3777,0.5352,0.0,35.0,0.5,BROKEN_TOOTH
31.4,0.5693,0.6024,0.0,35.0,0.5,BROKEN_TOOTH
31.5,0.5885,0.6986,0.0,35.0,0.5,BROKEN_TOOTH
31.6,0.4721,0.5928,0.0,35.0,0.5,BROKEN_TOOTH
31.7,0.3958,0.2386,0.0,35.0,0.5,BROKEN_TOOTH
31.8,0.1878,0.1734,0.0,35.0,0.5,BROKEN_TOOTH
31.9,0.1434,0.1102,5.0,35.0,0.5,BROKEN_TOOTH
32.0,0.101,0.0521,5.0,35.0,0.5,BROKEN_TOOTH
32.1,0.2493,0.2226,5.0,35.0,0.5,BROKEN_TOOTH
32.2,0.5484,0.4405,5.0,35.0,0.5,BROKEN_TOOTH
32.3,0.6455,0.5156,5.0,35.0,0.5,BROKEN_TOOTH
32.4,0.5874,0.5521,5.0,35.0,0.5,BROKEN_TOOTH
32.5,0.5809,0.3338,0.0,35.0,0.5,BROKEN_TOOTH
32.6,0.3642,0.2008,0.0,35.0,0.5,BROKEN_TOOTH
32.7,0.2414,0.0238,0.0,35.0,0.5,BROKEN_TOOTH
32.8,0.2044,-0.0702,0.0,35.0,0.5,BROKEN_TOOTH
32.9,0.2377,0.0044,0.0,35.0,0.5,BROKEN_TOOTH
33.0,0.353,0.0759,0.0,35.0,0.5,BROKEN_TOOTH
33.1,0.5642,0.2869,0.0,35.0,0.5,BROKEN_TOOTH
33.2,0.6161,0.5448,0.0,35.0,0.5,BROKEN_TOOTH
33.3,0.6585,0.4487,0.0,35.0,0.5,BROKEN_TOOTH
33.4,0.5975,0.3357,0.0,35.0,0.5,BROKEN_TOOTH
33.5,0.4362,0.1139,0.0,35.0,0.5,BROKEN_TOOTH
33.6,0.2509,-0.1144,0.0,35.0,0.5,BROKEN_TOOTH
33.7,0.1842,-0.0776,0.0,35.0,0.5,BROKEN_TOOTH
33.8,0.3065,-0.1282,0.0,35.0,0.5,BROKEN_TOOTH
33.9,0.4122,0.0109,0.0,35.0,0.5,BROKEN_TOOTH
34.0,0.5656,0.2422,0.0,35.0,0.5,BROKEN_TOOTH
34.1,0.6549,0.2934,0.0,35.0,0.5,BROKEN_TOOTH
34.2,0.7903,0.3566,0.0,35.0,0.5,BROKEN_TOOTH
34.3,0.5102,0.2019,0.0,35.0,0.5,BROKEN_TOOTH
34.4,0.3448,0.0706,0.0,35.0,0.5,BROKEN_TOOTH
34.5,0.3448,-0.1795,0.0,35.0,0.5,BROKEN_TOOTH
34.6,0.2663,-0.1773,0.0,35.0,0.5,BROKEN_TOOTH
34.7,0.3526,-0.0851,0.0,35.0,0.5,BROKEN_TOOTH
34.8,0.4891,0.0583,5.0,35.0,0.5,BROKEN_TOOTH
34.9,0.6612,0.204,5.0,35.0,0.5,BROKEN_TOOTH
35.0,0.6087,0.3426,5.0,35.0,0.5,BROKEN_TOOTH
35.1,0.6526,0.2445,5.0,35.0,0.5,BROKEN_TOOTH
35.2,0.6102,0.1674,5.0,35.0,0.5,BROKEN_TOOTH
35.3,0.4916,-0.0812,0.0,35.0,0.5,BROKEN_TOOTH
35.4,0.4482,-0.1836,0.0,35.0,0.5,BROKEN_TOOTH
35.5,0.3476,-0.1557,0.0,35.0,0.5,BROKEN_TOOTH
35.6,0.3529,-0.1831,0.0,35.0,0.5,BROKEN_TOOTH
35.7,0.4354,-0.1287,0.0,35.0,0.5,BROKEN_TOOTH
35.8,0.5852,0.1461,0.0,35.0,0.5,BROKEN_TOOTH
35.9,0.663,0.2827,0.0,35.0,0.5,BROKEN_TOOTH
36.0,0.7127,0.2557,0.0,35.0,0.5,BROKEN_TOOTH
36.1,0.5939,0.0606,0.0,35.0,0.5,BROKEN_TOOTH
36.2,0.3764,-0.1038,0.0,35.0,0.5,BROKEN_TOOTH
36.3,0.3079,-0.3525,0.0,35.0,0.5,BROKEN_TOOTH
36.4,0.3395,-0.3936,0.0,35.0,0.5,BROKEN_TOOTH
36.5,0.3732,-0.2283,0.0,35.0,0.5,BROKEN_TOOTH
36.6,0.5089,-0.1281,0.0,35.0,0.5,BROKEN_TOOTH
36.7,0.629,0.14,0.0,35.0,0.5,BROKEN_TOOTH
36.8,0.7626,0.1484,0.0,35.0,0.5,BROKEN_TOOTH
36.9,0.6714,0.2696,0.0,35.0,0.5,BROKEN_TOOTH
37.0,0.5345,-0.0186,0.0,35.0,0.5,BROKEN_TOOTH
37.1,0.367,-0.2047,0.0,35.0,0.5,BROKEN_TOOTH
37.2,0.3145,-0.345,0.0,35.0,0.5,BROKEN_TOOTH
37.3,0.1505,-0.4355,0.0,35.0,0.5,BROKEN_TOOTH
37.4,0.3274,-0.3051,0.0,35.0,0.5,BROKEN_TOOTH
37.5,0.4516,-0.0964,0.0,35.0,0.5,BROKEN_TOOTH
37.6,0.5188,0.1101,5.0,35.0,0.5,BROKEN_TOOTH
37.7,0.604,0.1966,5.0,35.0,0.5,BROKEN_TOOTH
37.8,0.6603,0.1027,5.0,35.0,0.5,BROKEN_TOOTH
37.9,0.5191,-0.0639,5.0,35.0,0.5,BROKEN_TOOTH
38.0,0.3696,-0.1527,5.0,35.0,0.5,BROKEN_TOOTH
38.1,0.2716,-0.3839,5.0,35.0,0.5,BROKEN_TOOTH
38.2,0.2363,-0.5128,0.0,35.0,0.5,BROKEN_TOOTH
38.3,0.3619,-0.3578,0.0,35.0,0.5,BROKEN_TOOTH
38.4,0.4315,-0.1889,0.0,35.0,0.5,BROKEN_TOOTH
38.5,0.4731,0.0045,0.0,35.0,0.5,BROKEN_TOOTH
38.6,0.6829,0.0357,0.0,35.0,0.5,BROKEN_TOOTH
38.7,0.5807,0.0209,0.0,35.0,0.5,BROKEN_TOOTH
38.8,0.4144,-0.042,0.0,35.0,0.5,BROKEN_TOOTH
38.9,0.2367,-0.3166,0.0,35.0,0.5,BROKEN_TOOTH
39.0,0.2139,-0.624,0.0,35.0,0.5,BROKEN_TOOTH
39.1,0.1688,-0.4635,0.0,35.0,0.5,BROKEN_TOOTH
39.2,0.3254,-0.3572,0.0,35.0,0.5,BROKEN_TOOTH
39.3,0.3552,-0.236,0.0,35.0,0.5,BROKEN_TOOTH
39.4,0.4467,-0.0029,0.0,35.0,0.5,BROKEN_TOOTH
39.5,0.5809,-0.0051,0.0,35.0,0.5,BROKEN_TOOTH
39.6,0.5349,-0.0512,0.0,35.0,0.5,BROKEN_TOOTH
39.7,0.3732,-0.1326,0.0,35.0,0.5,BROKEN_TOOTH
39.8,0.2533,-0.4328,0.0,35.0,0.5,BROKEN_TOOTH
39.9,0.1158,-0.659,0.0,35.0,0.5,BROKEN_TOOTH
40.0,0.1154,-0.583,0.0,35.0,0.5,BROKEN_TOOTH
40.1,0.2381,-0.4625,0.0,35.0,0.5,BROKEN_TOOTH
40.2,0.3371,-0.2026,0.0,35.0,0.5,BROKEN_TOOTH
40.3,0.409,-0.087,0.0,35.0,0.5,BROKEN_TOOTH
40.4,0.5248,-0.0416,0.0,35.0,0.5,BROKEN_TOOTH
40.5,0.2836,-0.0435,5.0,35.0,0.5,BROKEN_TOOTH
40.6,0.3757,-0.2748,5.0,35.0,0.5,BROKEN_TOOTH
40.7,0.0424,-0.5283,5.0,35.0,0.5,BROKEN_TOOTH
40.8,-0.0014,-0.5712,5.0,35.0,0.5,BROKEN_TOOTH
40.9,0.0197,-0.623,5.0,35.0,0.5,BROKEN_TOOTH
41.0,0.0949,-0.5031,5.0,35.0,0.5,BROKEN_TOOTH
41.1,0.2787,-0.2962,0.0,35.0,0.5,BROKEN_TOOTH
41.2,0.2826,-0.1889,0.0,35.0,0.5,BROKEN_TOOTH
41.3,0.3808,-0.104,0.0,35.0,0.5,BROKEN_TOOTH
41.4,0.2761,-0.1622,0.0,35.0,0.5,BROKEN_TOOTH
41.5,0.1868,-0.3619,0.0,35.0,0.5,BROKEN_TOOTH
41.6,0.024,-0.4962,0.0,35.0,0.5,BROKEN_TOOTH
41.7,-0.0612,-0.6787,0.0,35.0,0.5,BROKEN_TOOTH
41.8,-0.0953,-0.6399,0.0,35.0,0.5,BROKEN_TOOTH
41.9,-0.0085,-0.5448,0.0,35.0,0.5,BROKEN_TOOTH
42.0,0.1578,-0.2927,0.0,35.0,0.5,BROKEN_TOOTH
42.1,0.2933,-0.1613,0.0,35.0,0.5,BROKEN_TOOTH
42.2,0.2413,-0.1325,0.0,35.0,0.5,BROKEN_TOOTH
42.3,0.1582,-0.2278,0.0,35.0,0.5,BROKEN_TOOTH
42.4,0.0959,-0.469,0.0,35.0,0.5,BROKEN_TOOTH
42.5,-0.08,-0.6007,0.0,35.0,0.5,BROKEN_TOOTH
42.6,-0.1245,-0.749,0.0,35.0,0.5,BROKEN_TOOTH
42.7,-0.2068,-0.7545,0.0,35.0,0.5,BROKEN_TOOTH
42.8,-0.161,-0.5291,0.0,35.0,0.5,BROKEN_TOOTH
42.9,0.028,-0.4461,0.0,35.0,0.5,BROKEN_TOOTH
43.0,0.1148,-0.2462,0.0,35.0,0.5,BROKEN_TOOTH
43.1,0.1675,-0.1354,0.0,35.0,0.5,BROKEN_TOOTH
43.2,0.0637,-0.274,0.0,35.0,0.5,BROKEN_TOOTH
43.3,-0.0065,-0.4899,5.0,35.0,0.5,BROKEN_TOOTH
43.4,-0.1995,-0.6763,5.0,35.0,0.5,BROKEN_TOOTH
43.5,-0.2594,-0.7918,5.0,35.0,0.5,BROKEN_TOOTH
43.6,-0.2475,-0.8484,5.0,35.0,0.5,BROKEN_TOOTH
43.7,-0.1513,-0.6377,5.0,35.0,0.5,BROKEN_TOOTH
43.8,-0.0352,-0.338,5.0,35.0,0.5,BROKEN_TOOTH
43.9,0.0859,-0.2995,0.0,35.0,0.5,BROKEN_TOOTH
44.0,0.0323,-0.254,0.0,35.0,0.5,BROKEN_TOOTH
44.1,0.0605,-0.3768,0.0,35.0,0.5,BROKEN_TOOTH
44.2,-0.1624,-0.5551,0.0,35.0,0.5,BROKEN_TOOTH
44.3,-0.3548,-0.7773,0.0,35.0,0.5,BROKEN_TOOTH
44.4,-0.3551,-0.8263,0.0,35.0,0.5,BROKEN_TOOTH
44.5,-0.3882,-0.802,0.0,35.0,0.5,BROKEN_TOOTH
44.6,-0.2131,-0.614,0.0,35.0,0.5,BROKEN_TOOTH
44.7,-0.0084,-0.5037,0.0,35.0,0.5,BROKEN_TOOTH
44.8,-0.0677,-0.3223,0.0,35.0,0.5,BROKEN_TOOTH
44.9,-0.0062,-0.2981,0.0,35.0,0.5,BROKEN_TOOTH
45.0,-0.1972,-0.3841,0.0,35.0,0.5,BROKEN_TOOTH
45.1,-0.2291,-0.6502,0.0,35.0,0.5,BROKEN_TOOTH
45.2,-0.4312,-0.7577,0.0,35.0,0.5,BROKEN_TOOTH
45.3,-0.4863,-0.8369,0.0,35.0,0.5,BROKEN_TOOTH
45.4,-0.4836,-0.8964,0.0,35.0,0.5,BROKEN_TOOTH
45.5,-0.2876,-0.7058,0.0,35.0,0.5,BROKEN_TOOTH
45.6,-0.1458,-0.5067,0.0,35.0,0.5,BROKEN_TOOTH
45.7,-0.1084,-0.2096,0.0,35.0,0.5,BROKEN_TOOTH
45.8,-0.153,-0.3542,0.0,35.0,0.5,BROKEN_TOOTH
45.9,-0.1214,-0.3769,0.0,35.0,0.5,BROKEN_TOOTH
46.0,-0.3813,-0.73,0.0,35.0,0.5,BROKEN_TOOTH
46.1,-0.5827,-0.9041,0.0,35.0,0.5,BROKEN_TOOTH
46.2,-0.5123,-0.9717,5.0,35.0,0.5,BROKEN_TOOTH
46.3,-0.5559,-0.92,5.0,35.0,0.5,BROKEN_TOOTH
46.4,-0.3418,-0.7193,5.0,35.0,0.5,BROKEN_TOOTH
46.5,-0.2818,-0.5411,5.0,35.0,0.5,BROKEN_TOOTH
46.6,-0.1496,-0.4149,5.0,35.0,0.5,BROKEN_TOOTH
46.7,-0.1153,-0.3174,5.0,35.0,0.5,BROKEN_TOOTH
46.8,-0.3409,-0.45,0.0,35.0,0.5,BROKEN_TOOTH
46.9,-0.4515,-0.6712,0.0,35.0,0.5,BROKEN_TOOTH
47.0,-0.553,-0.875,0.0,35.0,0.5,BROKEN_TOOTH
47.1,-0.5248,-0.9692,0.0,35.0,0.5,BROKEN_TOOTH
47.2,-0.5919,-0.9287,0.0,35.0,0.5,BROKEN_TOOTH
47.3,-0.4742,-0.774,0.0,35.0,0.5,BROKEN_TOOTH
47.4,-0.2915,-0.5093,0.0,35.0,0.5,BROKEN_TOOTH
47.5,-0.265,-0.462,0.0,35.0,0.5,BROKEN_TOOTH
47.6,-0.2393,-0.4643,0.0,35.0,0.5,BROKEN_TOOTH
47.7,-0.4231,-0.5001,0.0,35.0,0.5,BROKEN_TOOTH
47.8,-0.3768,-0.6713,0.0,35.0,0.5,BROKEN_TOOTH
47.9,-0.6753,-0.9233,0.0,35.0,0.5,BROKEN_TOOTH
48.0,-0.6681,-0.9499,0.0,35.0,0.5,BROKEN_TOOTH
48.1,-0.6027,-0.9375,0.0,35.0,0.5,BROKEN_TOOTH
48.2,-0.3858,-0.8093,0.0,35.0,0.5,BROKEN_TOOTH
48.3,-0.4183,-0.5147,0.0,35.0,0.5,BROKEN_TOOTH
48.4,-0.1771,-0.4006,0.0,35.0,0.5,BROKEN_TOOTH
48.5,-0.2542,-0.4467,0.0,35.0,0.5,BROKEN_TOOTH
48.6,-0.3728,-0.6125,0.0,35.0,0.5,BROKEN_TOOTH
48.7,-0.5835,-0.7614,0.0,35.0,0.5,BROKEN_TOOTH
48.8,-0.6203,-1.029,0.0,35.0,0.5,BROKEN_TOOTH
48.9,-0.7203,-1.0702,0.0,35.0,0.5,BROKEN_TOOTH
49.0,-0.5615,-0.992,5.0,35.0,0.5,BROKEN_TOOTH
49.1,-0.5488,-0.7497,5.0,35.0,0.5,BROKEN_TOOTH
49.2,-0.3764,-0.6136,5.0,35.0,0.5,BROKEN_TOOTH
49.3,-0.3264,-0.4852,5.0,35.0,0.5,BROKEN_TOOTH
49.4,-0.3686,-0.5173,5.0,35.0,0.5,BROKEN_TOOTH
49.5,-0.3863,-0.6518,5.0,35.0,0.5,BROKEN_TOOTH
49.6,-0.5355,-0.9223,0.0,35.0,0.5,BROKEN_TOOTH
49.7,-0.61,-1.007,0.0,35.0,0.5,BROKEN_TOOTH
49.8,-0.7858,-0.99,0.0,35.0,0.5,BROKEN_TOOTH
49.9,-0.5761,-0.946,0.0,35.0,0.5,BROKEN_TOOTH
50.0,-0.3747,-0.6838,0.0,35.0,0.5,BROKEN_TOOTH
50.1,-0.393,-0.5022,0.0,35.0,0.5,BROKEN_TOOTH
50.2,-0.2074,-0.4302,0.0,35.0,0.5,BROKEN_TOOTH
50.3,-0.3406,-0.5061,0.0,35.0,0.5,BROKEN_TOOTH
50.4,-0.5025,-0.6717,0.0,35.0,0.5,BROKEN_TOOTH
50.5,-0.5859,-0.8432,0.0,35.0,0.5,BROKEN_TOOTH
50.6,-0.6197,-1.0571,0.0,35.0,0.5,BROKEN_TOOTH
50.7,-0.7314,-1.1619,0.0,35.0,0.5,BROKEN_TOOTH
50.8,-0.6439,-0.9341,0.0,35.0,0.5,BROKEN_TOOTH
50.9,-0.4505,-0.8195,0.0,35.0,0.5,BROKEN_TOOTH
51.0,-0.3509,-0.6224,0.0,35.0,0.5,BROKEN_TOOTH
51.1,-0.2575,-0.4831,0.0,35.0,0.5,BROKEN_TOOTH
51.2,-0.3047,-0.5382,0.0,35.0,0.5,BROKEN_TOOTH
51.3,-0.4011,-0.7728,0.0,35.0,0.5,BROKEN_TOOTH
51.4,-0.581,-0.9015,0.0,35.0,0.5,BROKEN_TOOTH
51.5,-0.6424,-1.0099,0.0,35.0,0.5,BROKEN_TOOTH
51.6,-0.7088,-1.134,0.0,35.0,0.5,BROKEN_TOOTH
51.7,-0.5145,-0.8957,0.0,35.0,0.5,BROKEN_TOOTH
51.8,-0.473,-0.8382,0.0,35.0,0.5,BROKEN_TOOTH
51.9,-0.2565,-0.4694,5.0,35.0,0.5,BROKEN_TOOTH
52.0,-0.2645,-0.5135,5.0,35.0,0.5,BROKEN_TOOTH
52.1,-0.2772,-0.5456,5.0,35.0,0.5,BROKEN_TOOTH
52.2,-0.4225,-0.8215,5.0,35.0,0.5,BROKEN_TOOTH
52.3,-0.5801,-0.936,5.0,35.0,0.5,BROKEN_TOOTH
52.4,-0.7042,-1.0619,5.0,35.0,0.5,BROKEN_TOOTH
52.5,-0.6693,-1.0861,0.0,35.0,0.5,BROKEN_TOOTH
52.6,-0.5417,-0.9828,0.0,35.0,0.5,BROKEN_TOOTH
52.7,-0.3738,-0.7999,0.0,35.0,0.5,BROKEN_TOOTH
52.8,-0.2068,-0.5154,0.0,35.0,0.5,BROKEN_TOOTH
52.9,-0.224,-0.4971,0.0,35.0,0.5,BROKEN_TOOTH
53.0,-0.2851,-0.4908,0.0,35.0,0.5,BROKEN_TOOTH
53.1,-0.4254,-0.7731,0.0,35.0,0.5,BROKEN_TOOTH
53.2,-0.4579,-0.9724,0.0,35.0,0.5,BROKEN_TOOTH
53.3,-0.4935,-1.0419,0.0,35.0,0.5,BROKEN_TOOTH
53.4,-0.4902,-1.1614,0.0,35.0,0.5,BROKEN_TOOTH
53.5,-0.4199,-1.0052,0.0,35.0,0.5,BROKEN_TOOTH
53.6,-0.2795,-0.6852,0.0,35.0,0.5,BROKEN_TOOTH
53.7,-0.1013,-0.6227,0.0,35.0,0.5,BROKEN_TOOTH
53.8,-0.1189,-0.591,0.0,35.0,0.5,BROKEN_TOOTH
53.9,-0.1473,-0.485,0.0,35.0,0.5,BROKEN_TOOTH
54.0,-0.3097,-0.8315,0.0,35.0,0.5,BROKEN_TOOTH
54.1,-0.4875,-0.9538,0.0,35.0,0.5,BROKEN_TOOTH
54.2,-0.5274,-1.0829,0.0,35.0,0.5,BROKEN_TOOTH
54.3,-0.4761,-1.2135,0.0,35.0,0.5,BROKEN_TOOTH
54.4,-0.368,-0.9424,0.0,35.0,0.5,BROKEN_TOOTH
54.5,-0.1285,-0.7003,0.0,35.0,0.5,BROKEN_TOOTH
54.6,-0.0979,-0.5341,0.0,35.0,0.5,BROKEN_TOOTH
54.7,0.0023,-0.452,0.0,35.0,0.5,BROKEN_TOOTH
54.8,-0.1276,-0.6039,5.0,35.0,0.5,BROKEN_TOOTH
54.9,-0.2373,-0.7363,5.0,35.0,0.5,BROKEN_TOOTH
55.0,-0.411,-1.0045,5.0,35.0,0.5,BROKEN_TOOTH
55.1,-0.4486,-1.1548,5.0,35.0,0.5,BROKEN_TOOTH
55.2,-0.3596,-1.1248,5.0,35.0,0.5,BROKEN_TOOTH
55.3,-0.275,-0.9813,0.0,35.0,0.5,BROKEN_TOOTH
55.4,-0.0804,-0.6501,0.0,35.0,0.5,BROKEN_TOOTH
55.5,0.0012,-0.6109,0.0,35.0,0.5,BROKEN_TOOTH
55.6,0.0141,-0.4765,0.0,35.0,0.5,BROKEN_TOOTH
55.7,0.0846,-0.5995,0.0,35.0,0.5,BROKEN_TOOTH
55.8,-0.1452,-0.7823,0.0,35.0,0.5,BROKEN_TOOTH
55.9,-0.2024,-0.9034,0.0,35.0,0.5,BROKEN_TOOTH
56.0,-0.3409,-1.0984,0.0,35.0,0.5,BROKEN_TOOTH
56.1,-0.2522,-1.0108,0.0,35.0,0.5,BROKEN_TOOTH
56.2,-0.1255,-0.8802,0.0,35.0,0.5,BROKEN_TOOTH
56.3,-0.0128,-0.6813,0.0,35.0,0.5,BROKEN_TOOTH
56.4,-0.025,-0.3993,0.0,35.0,0.5,BROKEN_TOOTH
56.5,0.1269,-0.551,0.0,35.0,0.5,BROKEN_TOOTH
56.6,0.1275,-0.519,0.0,35.0,0.5,BROKEN_TOOTH
56.7,-0.0273,-0.7446,0.0,35.0,0.5,BROKEN_TOOTH
56.8,-0.1486,-0.9917,0.0,35.0,0.5,BROKEN_TOOTH
56.9,-0.3109,-0.9816,0.0,35.0,0.5,BROKEN_TOOTH
57.0,2.2794,2.0904,0.0,35.0,0.5,BROKEN_TOOTH
57.1,2.1556,1.938,0.0,35.0,0.5,BROKEN_TOOTH
57.2,2.0396,1.7736,0.0,35.0,0.5,BROKEN_TOOTH
57.3,1.9586,1.7097,0.0,35.0,0.5,BROKEN_TOOTH
57.4,1.7124,1.397,0.0,35.0,0.5,BROKEN_TOOTH
57.5,1.494,1.1309,0.0,35.0,0.5,BROKEN_TOOTH
57.6,1.1944,0.7006,5.0,35.0,0.5,BROKEN_TOOTH
57.7,0.8903,0.3218,5.0,35.0,0.5,BROKEN_TOOTH
57.8,0.6564,0.1227,5.0,35.0,0.5,BROKEN_TOOTH
57.9,0.7297,0.0083,5.0,35.0,0.5,BROKEN_TOOTH
58.0,0.7463,0.0188,5.0,35.0,0.5,BROKEN_TOOTH
58.1,0.7712,0.3149,5.0,35.0,0.5,BROKEN_TOOTH
58.2,0.7541,0.2027,0.0,35.0,0.5,BROKEN_TOOTH
58.3,0.8212,0.0493,0.0,35.0,0.5,BROKEN_TOOTH
58.4,0.6478,-0.0754,0.0,35.0,0.5,BROKEN_TOOTH
58.5,0.5152,-0.3593,0.0,35.0,0.5,BROKEN_TOOTH
58.6,0.4246,-0.4915,0.0,35.0,0.5,BROKEN_TOOTH
58.7,0.1437,-0.6417,0.0,35.0,0.5,BROKEN_TOOTH
58.8,0.2347,-0.6144,0.0,35.0,0.5,BROKEN_TOOTH
58.9,0.3568,-0.5121,0.0,35.0,0.5,BROKEN_TOOTH
59.0,0.5601,-0.3336,0.0,35.0,0.5,BROKEN_TOOTH
59.1,0.483,-0.2288,0.0,35.0,0.5,BROKEN_TOOTH
59.2,0.6529,-0.2345,0.0,35.0,0.5,BROKEN_TOOTH
59.3,0.4669,-0.34,0.0,35.0,0.5,BROKEN_TOOTH
59.4,0.3136,-0.5853,0.0,35.0,0.5,BROKEN_TOOTH
59.5,0.1851,-0.77,0.0,35.0,0.5,BROKEN_TOOTH
59.6,0.1246,-0.851,0.0,35.0,0.5,BROKEN_TOOTH
59.7,0.2466,-0.7682,0.0,35.0,0.5,BROKEN_TOOTH
59.8,0.2614,-0.6252,0.0,35.0,0.5,BROKEN_TOOTH
59.9,0.4679,-0.426,0.0,35.0,0.5,BROKEN_TOOTH
60.0,0.5183,-0.2623,0.0,35.0,0.5,BROKEN_TOOTH
60.1,0.4966,-0.3673,0.0,35.0,0.5,BROKEN_TOOTH
60.2,0.5739,-0.5198,0.0,35.0,0.5,BROKEN_TOOTH
60.3,0.3324,-0.744,0.0,35.0,0.5,BROKEN_TOOTH
60.4,0.2306,-0.8504,0.0,35.0,0.5,BROKEN_TOOTH
60.5,0.2219,-1.012,5.0,35.0,0.5,BROKEN_TOOTH
60.6,0.1542,-0.8132,5.0,35.0,0.5,BROKEN_TOOTH
60.7,0.4418,-0.6555,5.0,35.0,0.5,BROKEN_TOOTH
60.8,0.3673,-0.3922,5.0,35.0,0.5,BROKEN_TOOTH
60.9,0.5392,-0.3619,5.0,35.0,0.5,BROKEN_TOOTH
61.0,0.5331,-0.3739,5.0,35.0,0.5,BROKEN_TOOTH
61.1,0.4942,-0.4505,0.0,35.0,0.5,BROKEN_TOOTH
61.2,0.3456,-0.6393,0.0,35.0,0.5,BROKEN_TOOTH
61.3,0.2216,-0.9053,0.0,35.0,0.5,BROKEN_TOOTH
61.4,0.2033,-0.9067,0.0,35.0,0.5,BROKEN_TOOTH
61.5,0.2233,-0.8038,0.0,35.0,0.5,BROKEN_TOOTH
61.6,0.3304,-0.605,0.0,35.0,0.5,BROKEN_TOOTH
61.7,0.5792,-0.4348,0.0,35.0,0.5,BROKEN_TOOTH
61.8,0.6573,-0.2422,0.0,35.0,0.5,BROKEN_TOOTH
61.9,0.6884,-0.4245,0.0,35.0,0.5,BROKEN_TOOTH
62.0,0.4723,-0.5006,0.0,35.0,0.5,BROKEN_TOOTH
62.1,0.4138,-0.6591,0.0,35.0,0.5,BROKEN_TOOTH
62.2,0.2626,-0.8148,0.0,35.0,0.5,BROKEN_TOOTH
62.3,0.3153,-0.8039,0.0,35.0,0.5,BROKEN_TOOTH
62.4,0.3793,-0.7048,0.0,35.0,0.5,BROKEN_TOOTH
62.5,0.4725,-0.58,0.0,35.0,0.5,BROKEN_TOOTH
62.6,0.5785,-0.3016,0.0,35.0,0.5,BROKEN_TOOTH
62.7,0.7153,-0.2953,0.0,35.0,0.5,BROKEN_TOOTH
62.8,0.6774,-0.2468,0.0,35.0,0.5,BROKEN_TOOTH
62.9,0.5069,-0.3586,0.0,35.0,0.5,BROKEN_TOOTH
63.0,0.3401,-0.59,0.0,35.0,0.5,BROKEN_TOOTH
63.1,0.2922,-0.7945,0.0,35.0,0.5,BROKEN_TOOTH
63.2,0.3661,-0.8396,0.0,35.0,0.5,BROKEN_TOOTH
63.3,0.424,-0.7833,5.0,35.0,0.5,BROKEN_TOOTH
63.4,0.445,-0.4886,5.0,35.0,0.5,BROKEN_TOOTH
63.5,0.5711,-0.3642,5.0,35.0,0.5,BROKEN_TOOTH
63.6,0.7568,-0.25,5.0,35.0,0.5,BROKEN_TOOTH
63.7,0.6052,-0.3133,5.0,35.0,0.5,BROKEN_TOOTH
63.8,0.5772,-0.4386,5.0,35.0,0.5,BROKEN_TOOTH
63.9,0.3845,-0.6176,0.0,35.0,0.5,BROKEN_TOOTH
64.0,0.3989,-0.7441,0.0,35.0,0.5,BROKEN_TOOTH
64.1,0.268,-0.8004,0.0,35.0,0.5,BROKEN_TOOTH
64.2,0.4436,-0.5918,0.0,35.0,0.5,BROKEN_TOOTH
64.3,0.5293,-0.4497,0.0,35.0,0.5,BROKEN_TOOTH
64.4,0.6565,-0.287,0.0,35.0,0.5,BROKEN_TOOTH
64.5,0.6005,-0.1472,0.0,35.0,0.5,BROKEN_TOOTH
64.6,0.549,-0.1135,0.0,35.0,0.5,BROKEN_TOOTH
64.7,0.5318,-0.3623,0.0,35.0,0.5,BROKEN_TOOTH
64.8,0.4172,-0.5965,0.0,35.0,0.5,BROKEN_TOOTH
64.9,0.2542,-0.7885,0.0,35.0,0.5,BROKEN_TOOTH
65.0,0.2492,-0.7249,0.0,35.0,0.5,BROKEN_TOOTH
65.1,0.415,-0.5685,0.0,35.0,0.5,BROKEN_TOOTH
65.2,0.5481,-0.391,0.0,35.0,0.5,BROKEN_TOOTH
65.3,0.6316,-0.2677,0.0,35.0,0.5,BROKEN_TOOTH
65.4,0.7241,-0.1472,0.0,35.0,0.5,BROKEN_TOOTH
65.5,0.5777,-0.0947,0.0,35.0,0.5,BROKEN_TOOTH
65.6,0.4965,-0.2682,0.0,35.0,0.5,BROKEN_TOOTH
65.7,0.4577,-0.5817,0.0,35.0,0.5,BROKEN_TOOTH
65.8,0.2873,-0.6294,0.0,35.0,0.5,BROKEN_TOOTH
65.9,0.2883,-0.7131,0.0,35.0,0.5,BROKEN_TOOTH
66.0,0.4838,-0.442,0.0,35.0,0.5,BROKEN_TOOTH
66.1,0.4307,-0.2892,0.0,35.0,0.5,BROKEN_TOOTH
66.2,0.6534,-0.0717,5.0,35.0,0.5,BROKEN_TOOTH
66.3,0.7348,-0.1348,5.0,35.0,0.5,BROKEN_TOOTH
66.4,0.5782,-0.0873,5.0,35.0,0.5,BROKEN_TOOTH
66.5,0.5099,-0.2989,5.0,35.0,0.5,BROKEN_TOOTH
66.6,0.2783,-0.451,5.0,35.0,0.5,BROKEN_TOOTH
66.7,0.2051,-0.5651,5.0,35.0,0.5,BROKEN_TOOTH
66.8,0.2617,-0.5881,0.0,35.0,0.5,BROKEN_TOOTH
66.9,0.3721,-0.4715,0.0,35.0,0.5,BROKEN_TOOTH
67.0,0.5193,-0.1902,0.0,35.0,0.5,BROKEN_TOOTH
67.1,0.649,-0.0554,0.0,35.0,0.5,BROKEN_TOOTH
67.2,0.5966,-0.0356,0.0,35.0,0.5,BROKEN_TOOTH
67.3,0.5943,-0.1194,0.0,35.0,0.5,BROKEN_TOOTH
67.4,0.3852,-0.3289,0.0,35.0,0.5,BROKEN_TOOTH
67.5,0.3078,-0.4728,0.0,35.0,0.5,BROKEN_TOOTH
67.6,0.189,-0.5007,0.0,35.0,0.5,BROKEN_TOOTH
67.7,0.2091,-0.517,0.0,35.0,0.5,BROKEN_TOOTH
67.8,0.3009,-0.3949,0.0,35.0,0.5,BROKEN_TOOTH
67.9,0.3294,-0.115,0.0,35.0,0.5,BROKEN_TOOTH
68.0,0.4549,-0.026,0.0,35.0,0.5,BROKEN_TOOTH
68.1,0.5374,0.071,0.0,35.0,0.5,BROKEN_TOOTH
68.2,0.3748,-0.0333,0.0,35.0,0.5,BROKEN_TOOTH
68.3,0.3641,-0.1709,0.0,35.0,0.5,BROKEN_TOOTH
68.4,0.227,-0.4778,0.0,35.0,0.5,BROKEN_TOOTH
68.5,0.1201,-0.541,0.0,35.0,0.5,BROKEN_TOOTH
68.6,0.0613,-0.54,0.0,35.0,0.5,BROKEN_TOOTH
68.7,0.2824,-0.3065,0.0,35.0,0.5,BROKEN_TOOTH
68.8,0.444,-0.0194,0.0,35.0,0.5,BROKEN_TOOTH
68.9,0.4453,0.0593,0.0,35.0,0.5,BROKEN_TOOTH
69.0,0.4765,0.0995,5.0,35.0,0.5,BROKEN_TOOTH
69.1,0.3806,0.0692,5.0,35.0,0.5,BROKEN_TOOTH
69.2,0.2568,-0.1099,5.0,35.0,0.5,BROKEN_TOOTH
69.3,0.0864,-0.3531,5.0,35.0,0.5,BROKEN_TOOTH
69.4,0.0159,-0.4049,5.0,35.0,0.5,BROKEN_TOOTH
69.5,0.0822,-0.4422,5.0,35.0,0.5,BROKEN_TOOTH
69.6,0.2536,-0.1483,0.0,35.0,0.5,BROKEN_TOOTH
69.7,0.1938,0.1037,0.0,35.0,0.5,BROKEN_TOOTH
69.8,0.3488,0.18,0.0,35.0,0.5,BROKEN_TOOTH
69.9,0.3002,0.08,0.0,35.0,0.5,BROKEN_TOOTH
70.0,0.3517,0.0482,0.0,35.0,0.5,BROKEN_TOOTH
70.1,0.0996,-0.0852,0.0,35.0,0.5,BROKEN_TOOTH
70.2,-0.0792,-0.3182,0.0,35.0,0.5,BROKEN_TOOTH
70.3,-0.0445,-0.3145,0.0,35.0,0.5,BROKEN_TOOTH
70.4,0.0361,-0.2878,0.0,35.0,0.5,BROKEN_TOOTH
70.5,0.0848,-0.1752,0.0,35.0,0.5,BROKEN_TOOTH
70.6,0.1883,0.0745,0.0,35.0,0.5,BROKEN_TOOTH
70.7,0.2833,0.1786,0.0,35.0,0.5,BROKEN_TOOTH
70.8,0.3313,0.2342,0.0,35.0,0.5,BROKEN_TOOTH
70.9,0.1236,0.099,0.0,35.0,0.5,BROKEN_TOOTH
71.0,0.0164,-0.009,0.0,35.0,0.5,BROKEN_TOOTH
71.1,-0.134,-0.1386,0.0,35.0,0.5,BROKEN_TOOTH
71.2,-0.2331,-0.3874,0.0,35.0,0.5,BROKEN_TOOTH
71.3,-0.1595,-0.3411,0.0,35.0,0.5,BROKEN_TOOTH
71.4,0.0186,-0.0742,0.0,35.0,0.5,BROKEN_TOOTH
71.5,0.1168,0.0736,0.0,35.0,0.5,BROKEN_TOOTH
71.6,0.2002,0.2947,0.0,35.0,0.5,BROKEN_TOOTH
71.7,0.1661,0.3394,0.0,35.0,0.5,BROKEN_TOOTH
71.8,0.0861,0.2519,0.0,35.0,0.5,BROKEN_TOOTH
71.9,-0.1268,-0.0093,5.0,35.0,0.5,BROKEN_TOOTH
72.0,-0.2322,-0.2006,5.0,35.0,0.5,BROKEN_TOOTH
72.1,-0.2639,-0.3517,5.0,35.0,0.5,BROKEN_TOOTH
72.2,-0.2214,-0.1707,5.0,35.0,0.5,BROKEN_TOOTH
72.3,-0.1093,0.0198,5.0,35.0,0.5,BROKEN_TOOTH
72.4,-0.0079,0.2578,5.0,35.0,0.5,BROKEN_TOOTH
72.5,0.0546,0.3252,0.0,35.0,0.5,BROKEN_TOOTH
72.6,0.2155,0.3381,0.0,35.0,0.5,BROKEN_TOOTH
72.7,-0.0007,0.1533,0.0,35.0,0.5,BROKEN_TOOTH
72.8,-0.1727,-0.0856,0.0,35.0,0.5,BROKEN_TOOTH
72.9,-0.331,-0.1926,0.0,35.0,0.5,BROKEN_TOOTH
73.0,-0.3915,-0.2677,0.0,35.0,0.5,BROKEN_TOOTH
73.1,-0.3303,-0.0821,0.0,35.0,0.5,BROKEN_TOOTH
73.2,-0.1953,0.0681,0.0,35.0,0.5,BROKEN_TOOTH
73.3,-0.1806,0.2744,0.0,35.0,0.5,BROKEN_TOOTH
73.4,-0.0954,0.3784,0.0,35.0,0.5,BROKEN_TOOTH
73.5,-0.0708,0.2548,0.0,35.0,0.5,BROKEN_TOOTH
73.6,-0.1366,0.3516,0.0,35.0,0.5,BROKEN_TOOTH
73.7,-0.3061,0.0269,0.0,35.0,0.5,BROKEN_TOOTH
73.8,-0.3413,-0.1041,0.0,35.0,0.5,BROKEN_TOOTH
73.9,-0.5314,-0.1983,0.0,35.0,0.5,BROKEN_TOOTH
74.0,-0.4424,0.0226,0.0,35.0,0.5,BROKEN_TOOTH
74.1,-0.2112,0.1784,0.0,35.0,0.5,BROKEN_TOOTH
74.2,-0.1581,0.3342,0.0,35.0,0.5,BROKEN_TOOTH
74.3,-0.0555,0.4735,0.0,35.0,0.5,BROKEN_TOOTH
74.4,-0.0249,0.5553,0.0,35.0,0.5,BROKEN_TOOTH
74.5,-0.2737,0.3203,0.0,35.0,0.5,BROKEN_TOOTH
74.6,-0.3903,0.1149,0.0,35.0,0.5,BROKEN_TOOTH
74.7,-0.5146,-0.0773,0.0,35.0,0.5,BROKEN_TOOTH
74.8,-0.6327,-0.1569,5.0,35.0,0.5,BROKEN_TOOTH
74.9,-0.4906,0.0384,5.0,35.0,0.5,BROKEN_TOOTH
75.0,-0.3095,0.2635,5.0,35.0,0.5,BROKEN_TOOTH
75.1,-0.2048,0.503,5.0,35.0,0.5,BROKEN_TOOTH
75.2,-0.1405,0.4441,5.0,35.0,0.5,BROKEN_TOOTH
75.3,-0.2234,0.4682,0.0,35.0,0.5,BROKEN_TOOTH
75.4,-0.3519,0.3411,0.0,35.0,0.5,BROKEN_TOOTH
75.5,-0.4004,0.1698,0.0,35.0,0.5,BROKEN_TOOTH
75.6,-0.5983,0.0151,0.0,35.0,0.5,BROKEN_TOOTH
75.7,-0.5843,-0.0057,0.0,35.0,0.5,BROKEN_TOOTH
75.8,-0.5234,0.1381,0.0,35.0,0.5,BROKEN_TOOTH
75.9,-0.333,0.2765,0.0,35.0,0.5,BROKEN_TOOTH
76.0,-0.2367,0.5652,0.0,35.0,0.5,BROKEN_TOOTH
76.1,-0.294,0.6393,0.0,35.0,0.5,BROKEN_TOOTH
76.2,-0.3268,0.5592,0.0,35.0,0.5,BROKEN_TOOTH
76.3,-0.3554,0.4943,0.0,35.0,0.5,BROKEN_TOOTH
76.4,-0.5302,0.2923,0.0,35.0,0.5,BROKEN_TOOTH
76.5,-0.6527,0.1204,0.0,35.0,0.5,BROKEN_TOOTH
76.6,-0.596,-0.089,0.0,35.0,0.5,BROKEN_TOOTH
76.7,-0.5623,0.2666,0.0,35.0,0.5,BROKEN_TOOTH
76.8,-0.4398,0.4339,0.0,35.0,0.5,BROKEN_TOOTH
76.9,-0.2835,0.6868,0.0,35.0,0.5,BROKEN_TOOTH
77.0,-0.2896,0.7378,0.0,35.0,0.5,BROKEN_TOOTH
77.1,-0.2353,0.7021,0.0,35.0,0.5,BROKEN_TOOTH
77.2,-0.472,0.5001,0.0,35.0,0.5,BROKEN_TOOTH
77.3,-0.5397,0.3246,0.0,35.0,0.5,BROKEN_TOOTH
77.4,-0.5968,0.2233,0.0,35.0,0.5,BROKEN_TOOTH
77.5,-0.7453,0.1327,0.0,35.0,0.5,BROKEN_TOOTH
77.6,-0.6108,0.1771,5.0,35.0,0.5,BROKEN_TOOTH
77.7,-0.4037,0.449,5.0,35.0,0.5,BROKEN_TOOTH
77.8,-0.2841,0.671,5.0,35.0,0.5,BROKEN_TOOTH
77.9,-0.3031,0.7349,5.0,35.0,0.5,BROKEN_TOOTH
78.0,-0.3787,0.6059,5.0,35.0,0.5,BROKEN_TOOTH
78.1,-0.4145,0.4139,5.0,35.0,0.5,BROKEN_TOOTH
78.2,-0.5399,0.2607,0.0,35.0,0.5,BROKEN_TOOTH
78.3,-0.7459,0.2121,0.0,35.0,0.5,BROKEN_TOOTH
78.4,-0.7467,0.2591,0.0,35.0,0.5,BROKEN_TOOTH
78.5,-0.585,0.3675,0.0,35.0,0.5,BROKEN_TOOTH
78.6,-0.4286,0.5846,0.0,35.0,0.5,BROKEN_TOOTH
78.7,-0.3575,0.7094,0.0,35.0,0.5,BROKEN_TOOTH
78.8,-0.2655,0.6958,0.0,35.0,0.5,BROKEN_TOOTH
78.9,-0.3867,0.6872,0.0,35.0,0.5,BROKEN_TOOTH
79.0,-0.5784,0.5189,0.0,35.0,0.5,BROKEN_TOOTH
79.1,-0.6271,0.311,0.0,35.0,0.5,BROKEN_TOOTH
79.2,-0.6838,0.2205,0.0,35.0,0.5,BROKEN_TOOTH
79.3,-0.6904,0.2582,0.0,35.0,0.5,BROKEN_TOOTH
79.4,-0.6371,0.4276,0.0,35.0,0.5,BROKEN_TOOTH
79.5,-0.5307,0.5822,0.0,35.0,0.5,BROKEN_TOOTH
79.6,-0.3497,0.6765,0.0,35.0,0.5,BROKEN_TOOTH
79.7,-0.2406,0.8068,0.0,35.0,0.5,BROKEN_TOOTH
79.8,-0.2785,0.7503,0.0,35.0,0.5,BROKEN_TOOTH
79.9,-0.4044,0.6262,0.0,35.0,0.5,BROKEN_TOOTH
80.0,-0.6339,0.3429,0.0,35.0,0.5,BROKEN_TOOTH
80.1,-0.724,0.2869,0.0,35.0,0.5,BROKEN_TOOTH
80.2,-0.6222,0.3042,0.0,35.0,0.5,BROKEN_TOOTH
80.3,-0.5108,0.4476,0.0,35.0,0.5,BROKEN_TOOTH
80.4,-0.3807,0.7035,0.0,35.0,0.5,BROKEN_TOOTH
80.5,-0.3875,0.793,5.0,35.0,0.5,BROKEN_TOOTH
80.6,-0.2963,0.846,5.0,35.0,0.5,BROKEN_TOOTH
80.7,-0.3145,0.7817,5.0,35.0,0.5,BROKEN_TOOTH
80.8,-0.4118,0.5628,5.0,35.0,0.5,BROKEN_TOOTH
80.9,-0.523,0.4291,5.0,35.0,0.5,BROKEN_TOOTH
81.0,-0.6196,0.2664,5.0,35.0,0.5,BROKEN_TOOTH
81.1,-0.5822,0.3517,0.0,35.0,0.5,BROKEN_TOOTH
81.2,-0.4834,0.4976,0.0,35.0,0.5,BROKEN_TOOTH
81.3,-0.3094,0.7247,0.0,35.0,0.5,BROKEN_TOOTH
81.4,-0.2167,0.8532,0.0,35.0,0.5,BROKEN_TOOTH
81.5,-0.2001,0.8973,0.0,35.0,0.5,BROKEN_TOOTH
81.6,-0.281,0.8171,0.0,35.0,0.5,BROKEN_TOOTH
81.7,-0.3872,0.631,0.0,35.0,0.5,BROKEN_TOOTH
81.8,-0.4882,0.4327,0.0,35.0,0.5,BROKEN_TOOTH
81.9,-0.5566,0.4252,0.0,35.0,0.5,BROKEN_TOOTH
82.0,-0.5143,0.3384,0.0,35.0,0.5,BROKEN_TOOTH
82.1,-0.3491,0.5531,0.0,35.0,0.5,BROKEN_TOOTH
82.2,-0.2575,0.6883,0.0,35.0,0.5,BROKEN_TOOTH
82.3,-0.1948,0.9404,0.0,35.0,0.5,BROKEN_TOOTH
82.4,-0.0945,0.8934,0.0,35.0,0.5,BROKEN_TOOTH
82.5,-0.2755,0.8241,0.0,35.0,0.5,BROKEN_TOOTH
82.6,-0.3854,0.6244,0.0,35.0,0.5,BROKEN_TOOTH
82.7,-0.4314,0.4727,0.0,35.0,0.5,BROKEN_TOOTH
82.8,-0.4724,0.3468,0.0,35.0,0.5,BROKEN_TOOTH
82.9,-0.5156,0.4024,0.0,35.0,0.5,BROKEN_TOOTH
83.0,-0.3499,0.678,0.0,35.0,0.5,BROKEN_TOOTH
83.1,-0.2148,0.8298,0.0,35.0,0.5,BROKEN_TOOTH
83.2,-0.1039,0.9346,0.0,35.0,0.5,BROKEN_TOOTH
83.3,-0.0143,0.9667,5.0,35.0,0.5,BROKEN_TOOTH
83.4,-0.099,0.9413,5.0,35.0,0.5,BROKEN_TOOTH
83.5,-0.26,0.6493,5.0,35.0,0.5,BROKEN_TOOTH
83.6,-0.399,0.4463,5.0,35.0,0.5,BROKEN_TOOTH
83.7,-0.4817,0.3713,5.0,35.0,0.5,BROKEN_TOOTH
83.8,-0.2906,0.4453,5.0,35.0,0.5,BROKEN_TOOTH
83.9,-0.2046,0.6223,0.0,35.0,0.5,BROKEN_TOOTH
84.0,-0.123,0.7956,0.0,35.0,0.5,BROKEN_TOOTH
84.1,0.0491,0.9423,0.0,35.0,0.5,BROKEN_TOOTH
84.2,0.0216,0.9627,0.0,35.0,0.5,BROKEN_TOOTH
84.3,-0.0666,0.905,0.0,35.0,0.5,BROKEN_TOOTH
84.4,-0.1558,0.6557,0.0,35.0,0.5,BROKEN_TOOTH
84.5,-0.3231,0.4886,0.0,35.0,0.5,BROKEN_TOOTH
84.6,-0.3385,0.4965,0.0,35.0,0.5,BROKEN_TOOTH
84.7,-0.2554,0.5743,0.0,35.0,0.5,BROKEN_TOOTH
84.8,-0.1549,0.6794,0.0,35.0,0.5,BROKEN_TOOTH
84.9,0.0494,0.8672,0.0,35.0,0.5,BROKEN_TOOTH
85.0,0.2054,0.9859,0.0,35.0,0.5,BROKEN_TOOTH
85.1,0.08,1.0585,0.0,35.0,0.5,BROKEN_TOOTH
85.2,-0.0478,0.8765,0.0,35.0,0.5,BROKEN_TOOTH
85.3,-0.1904,0.6647,0.0,35.0,0.5,BROKEN_TOOTH
85.4,-0.2024,0.4726,0.0,35.0,0.5,BROKEN_TOOTH
85.5,2.2437,3.6182,0.0,35.0,0.5,BROKEN_TOOTH
85.6,2.0529,3.3732,0.0,35.0,0.5,BROKEN_TOOTH
85.7,1.9195,3.1409,0.0,35.0,0.5,BROKEN_TOOTH
85.8,1.7445,3.1609,0.0,35.0,0.5,BROKEN_TOOTH
85.9,1.6198,2.9439,0.0,35.0,0.5,BROKEN_TOOTH
86.0,1.544,2.7164,0.0,35.0,0.5,BROKEN_TOOTH
86.1,1.2904,2.309,0.0,35.0,0.5,BROKEN_TOOTH
86.2,0.9965,1.9926,5.0,35.0,0.5,BROKEN_TOOTH
86.3,0.7117,1.6544,5.0,35.0,0.5,BROKEN_TOOTH
86.4,0.6885,1.4831,5.0,35.0,0.5,BROKEN_TOOTH
86.5,0.7063,1.5322,5.0,35.0,0.5,BROKEN_TOOTH
86.6,0.7108,1.5526,5.0,35.0,0.5,BROKEN_TOOTH
86.7,0.7235,1.6091,5.0,35.0,0.5,BROKEN_TOOTH
86.8,0.7881,1.643,0.0,35.0,0.5,BROKEN_TOOTH
86.9,0.6524,1.6086,0.0,35.0,0.5,BROKEN_TOOTH
87.0,0.6314,1.427,0.0,35.0,0.5,BROKEN_TOOTH
87.1,0.4113,1.1145,0.0,35.0,0.5,BROKEN_TOOTH
87.2,0.1833,0.9257,0.0,35.0,0.5,BROKEN_TOOTH
87.3,0.2072,0.8407,0.0,35.0,0.5,BROKEN_TOOTH
87.4,0.2937,0.9459,0.0,35.0,0.5,BROKEN_TOOTH
87.5,0.3672,0.939,0.0,35.0,0.5,BROKEN_TOOTH
87.6,0.4864,1.2354,0.0,35.0,0.5,BROKEN_TOOTH
87.7,0.4965,1.3281,0.0,35.0,0.5,BROKEN_TOOTH
87.8,0.5522,1.1512,0.0,35.0,0.5,BROKEN_TOOTH
87.9,0.3782,0.9936,0.0,35.0,0.5,BROKEN_TOOTH
88.0,0.1608,0.7717,0.0,35.0,0.5,BROKEN_TOOTH
88.1,0.1446,0.6087,0.0,35.0,0.5,BROKEN_TOOTH
88.2,0.192,0.5795,0.0,35.0,0.5,BROKEN_TOOTH
88.3,0.1973,0.7151,0.0,35.0,0.5,BROKEN_TOOTH
88.4,0.4361,0.9336,0.0,35.0,0.5,BROKEN_TOOTH
88.5,0.4993,1.1259,0.0,35.0,0.5,BROKEN_TOOTH
88.6,0.5591,1.1149,0.0,35.0,0.5,BROKEN_TOOTH
88.7,0.5062,1.0588,0.0,35.0,0.5,BROKEN_TOOTH
88.8,0.4014,0.9935,0.0,35.0,0.5,BROKEN_TOOTH
88.9,0.2583,0.7485,0.0,35.0,0.5,BROKEN_TOOTH
89.0,0.1627,0.5684,5.0,35.0,0.5,BROKEN_TOOTH
89.1,0.197,0.5656,5.0,35.0,0.5,BROKEN_TOOTH
89.2,0.2083,0.6562,5.0,35.0,0.5,BROKEN_TOOTH
89.3,0.3401,0.8808,5.0,35.0,0.5,BROKEN_TOOTH
89.4,0.4671,1.0208,5.0,35.0,0.5,BROKEN_TOOTH
89.5,0.6717,1.1127,5.0,35.0,0.5,BROKEN_TOOTH
89.6,0.564,0.9646,0.0,35.0,0.5,BROKEN_TOOTH
89.7,0.4443,0.8324,0.0,35.0,0.5,BROKEN_TOOTH
89.8,0.2464,0.6275,0.0,35.0,0.5,BROKEN_TOOTH
89.9,0.2441,0.5026,0.0,35.0,0.5,BROKEN_TOOTH
90.0,0.2085,0.4668,0.0,35.0,0.5,BROKEN_TOOTH
90.1,0.3165,0.6137,0.0,35.0,0.5,BROKEN_TOOTH
90.2,0.3983,0.7668,0.0,35.0,0.5,BROKEN_TOOTH
90.3,0.5819,1.0505,0.0,35.0,0.5,BROKEN_TOOTH
90.4,0.6076,1.092,0.0,35.0,0.5,BROKEN_TOOTH
90.5,0.5501,0.9413,0.0,35.0,0.5,BROKEN_TOOTH
90.6,0.5114,0.8054,0.0,35.0,0.5,BROKEN_TOOTH
90.7,0.2672,0.6596,0.0,35.0,0.5,BROKEN_TOOTH
90.8,0.2893,0.4829,0.0,35.0,0.5,BROKEN_TOOTH
90.9,0.3018,0.4768,0.0,35.0,0.5,BROKEN_TOOTH
91.0,0.3185,0.6427,0.0,35.0,0.5,BROKEN_TOOTH
91.1,0.4621,0.8669,0.0,35.0,0.5,BROKEN_TOOTH
91.2,0.6133,0.9528,0.0,35.0,0.5,BROKEN_TOOTH
91.3,0.6849,1.1148,0.0,35.0,0.5,BROKEN_TOOTH
91.4,0.6144,0.9674,0.0,35.0,0.5,BROKEN_TOOTH
91.5,0.5246,0.8216,0.0,35.0,0.5,BROKEN_TOOTH
91.6,0.4599,0.6178,0.0,35.0,0.5,BROKEN_TOOTH
91.7,0.2668,0.4681,0.0,35.0,0.5,BROKEN_TOOTH
91.8,0.2177,0.4548,0.0,35.0,0.5,BROKEN_TOOTH
91.9,0.4428,0.6335,5.0,35.0,0.5,BROKEN_TOOTH
92.0,0.625,0.9332,5.0,35.0,0.5,BROKEN_TOOTH
92.1,0.676,0.9524,5.0,35.0,0.5,BROKEN_TOOTH
92.2,0.6396,1.1573,5.0,35.0,0.5,BROKEN_TOOTH
92.3,0.6306,0.9699,5.0,35.0,0.5,BROKEN_TOOTH
92.4,0.4566,0.7945,5.0,35.0,0.5,BROKEN_TOOTH
92.5,0.413,0.5376,0.0,35.0,0.5,BROKEN_TOOTH
92.6,0.2373,0.4362,0.0,35.0,0.5,BROKEN_TOOTH
92.7,0.3059,0.4709,0.0,35.0,0.5,BROKEN_TOOTH
92.8,0.3715,0.5924,0.0,35.0,0.5,BROKEN_TOOTH
92.9,0.5657,0.8386,0.0,35.0,0.5,BROKEN_TOOTH
93.0,0.6503,0.9906,0.0,35.0,0.5,BROKEN_TOOTH
93.1,0.7062,1.1451,0.0,35.0,0.5,BROKEN_TOOTH
93.2,0.6329,0.8945,0.0,35.0,0.5,BROKEN_TOOTH
93.3,0.4533,0.7633,0.0,35.0,0.5,BROKEN_TOOTH
93.4,0.4022,0.5723,0.0,35.0,0.5,BROKEN_TOOTH
93.5,0.2961,0.3975,0.0,35.0,0.5,BROKEN_TOOTH
93.6,0.2699,0.5164,0.0,35.0,0.5,BROKEN_TOOTH
93.7,0.5346,0.6171,0.0,35.0,0.5,BROKEN_TOOTH
93.8,0.582,0.7165,0.0,35.0,0.5,BROKEN_TOOTH
93.9,0.6533,1.029,0.0,35.0,0.5,BROKEN_TOOTH
94.0,0.7515,0.971,0.0,35.0,0.5,BROKEN_TOOTH
94.1,0.6991,0.8652,0.0,35.0,0.5,BROKEN_TOOTH
94.2,0.4661,0.7533,0.0,35.0,0.5,BROKEN_TOOTH
94.3,0.3592,0.5063,0.0,35.0,0.5,BROKEN_TOOTH
94.4,0.224,0.4692,0.0,35.0,0.5,BROKEN_TOOTH
94.5,0.2915,0.5245,0.0,35.0,0.5,BROKEN_TOOTH
94.6,0.3944,0.5928,0.0,35.0,0.5,BROKEN_TOOTH
94.7,0.547,0.868,0.0,35.0,0.5,BROKEN_TOOTH
94.8,0.6505,0.9381,5.0,35.0,0.5,BROKEN_TOOTH
94.9,0.6727,1.1076,5.0,35.0,0.5,BROKEN_TOOTH
95.0,0.5749,0.8427,5.0,35.0,0.5,BROKEN_TOOTH
95.1,0.3648,0.7263,5.0,35.0,0.5,BROKEN_TOOTH
95.2,0.2476,0.5256,5.0,35.0,0.5,BROKEN_TOOTH
95.3,0.203,0.4076,0.0,35.0,0.5,BROKEN_TOOTH
95.4,0.2465,0.4086,0.0,35.0,0.5,BROKEN_TOOTH
95.5,0.4207,0.6012,0.0,35.0,0.5,BROKEN_TOOTH
95.6,0.441,0.7032,0.0,35.0,0.5,BROKEN_TOOTH
95.7,0.5706,0.9618,0.0,35.0,0.5,BROKEN_TOOTH
95.8,0.6383,0.9772,0.0,35.0,0.5,BROKEN_TOOTH
95.9,0.4865,0.839,0.0,35.0,0.5,BROKEN_TOOTH
96.0,0.3832,0.4782,0.0,35.0,0.5,BROKEN_TOOTH
96.1,0.2237,0.376,0.0,35.0,0.5,BROKEN_TOOTH
96.2,0.1839,0.3193,0.0,35.0,0.5,BROKEN_TOOTH
96.3,0.1947,0.4312,0.0,35.0,0.5,BROKEN_TOOTH
96.4,0.3492,0.6029,0.0,35.0,0.5,BROKEN_TOOTH
96.5,0.3671,0.7803,0.0,35.0,0.5,BROKEN_TOOTH
96.6,0.5087,0.9521,0.0,35.0,0.5,BROKEN_TOOTH
96.7,0.5353,0.8674,0.0,35.0,0.5,BROKEN_TOOTH
96.8,0.4509,0.8131,0.0,35.0,0.5,BROKEN_TOOTH
96.9,0.3547,0.5984,0.0,35.0,0.5,BROKEN_TOOTH
97.0,0.1328,0.4105,0.0,35.0,0.5,BROKEN_TOOTH
97.1,0.1717,0.3093,0.0,35.0,0.5,BROKEN_TOOTH
97.2,0.105,0.4791,0.0,35.0,0.5,BROKEN_TOOTH
97.3,0.3161,0.5889,0.0,35.0,0.5,BROKEN_TOOTH
97.4,0.4165,0.7139,0.0,35.0,0.5,BROKEN_TOOTH
97.5,0.4058,0.8978,0.0,35.0,0.5,BROKEN_TOOTH
97.6,0.4522,0.9106,5.0,35.0,0.5,BROKEN_TOOTH
97.7,0.3316,0.6992,5.0,35.0,0.5,BROKEN_TOOTH
97.8,0.219,0.5731,5.0,35.0,0.5,BROKEN_TOOTH
97.9,0.0513,0.3597,5.0,35.0,0.5,BROKEN_TOOTH
98.0,-0.0021,0.1597,5.0,35.0,0.5,BROKEN_TOOTH
98.1,0.1273,0.3702,5.0,35.0,0.5,BROKEN_TOOTH
98.2,0.1678,0.516,0.0,35.0,0.5,BROKEN_TOOTH
98.3,0.3374,0.7584,0.0,35.0,0.5,BROKEN_TOOTH
98.4,0.3541,0.8932,0.0,35.0,0.5,BROKEN_TOOTH
98.5,0.4263,0.8325,0.0,35.0,0.5,BROKEN_TOOTH
98.6,0.2005,0.7537,0.0,35.0,0.5,BROKEN_TOOTH
98.7,0.0557,0.4502,0.0,35.0,0.5,BROKEN_TOOTH
98.8,0.0405,0.3179,0.0,35.0,0.5,BROKEN_TOOTH
98.9,-0.1012,0.2727,0.0,35.0,0.5,BROKEN_TOOTH
99.0,0.0522,0.315,0.0,35.0,0.5,BROKEN_TOOTH
99.1,0.1329,0.5438,0.0,35.0,0.5,BROKEN_TOOTH
99.2,0.2014,0.6672,0.0,35.0,0.5,BROKEN_TOOTH
99.3,0.1815,0.7812,0.0,35.0,0.5,BROKEN_TOOTH
99.4,0.2413,0.7028,0.0,35.0,0.5,BROKEN_TOOTH
99.5,0.1336,0.6207,0.0,35.0,0.5,BROKEN_TOOTH
99.6,0.0381,0.4127,0.0,35.0,0.5,BROKEN_TOOTH
99.7,-0.0591,0.2888,0.0,35.0,0.5,BROKEN_TOOTH
99.8,-0.2096,0.2251,0.0,35.0,0.5,BROKEN_TOOTH
99.9,-0.0784,0.2675,0.0,35.0,0.5,BROKEN_TOOTH
100.0,0.0383,0.4113,0.0,35.0,0.5,BROKEN_TOOTH
100.1,0.1721,0.6803,0.0,35.0,0.5,BROKEN_TOOTH
100.2,0.2003,0.8103,0.0,35.0,0.5,BROKEN_TOOTH
100.3,0.0414,0.748,0.0,35.0,0.5,BROKEN_TOOTH
100.4,0.0125,0.5977,0.0,35.0,0.5,BROKEN_TOOTH
100.5,-0.1863,0.3203,5.0,35.0,0.5,BROKEN_TOOTH
100.6,-0.2524,0.1474,5.0,35.0,0.5,BROKEN_TOOTH
100.7,-0.2231,0.0995,5.0,35.0,0.5,BROKEN_TOOTH
100.8,-0.1938,0.2384,5.0,35.0,0.5,BROKEN_TOOTH
100.9,-0.0309,0.4287,5.0,35.0,0.5,BROKEN_TOOTH
101.0,0.0449,0.6272,5.0,35.0,0.5,BROKEN_TOOTH
101.1,0.014,0.6971,0.0,35.0,0.5,BROKEN_TOOTH
101.2,-0.0903,0.6419,0.0,35.0,0.5,BROKEN_TOOTH
101.3,-0.079,0.4364,0.0,35.0,0.5,BROKEN_TOOTH
101.4,-0.2451,0.3099,0.0,35.0,0.5,BROKEN_TOOTH
101.5,-0.3918,0.1134,0.0,35.0,0.5,BROKEN_TOOTH
101.6,-0.4504,0.0765,0.0,35.0,0.5,BROKEN_TOOTH
101.7,-0.3328,0.161,0.0,35.0,0.5,BROKEN_TOOTH
101.8,-0.1824,0.3258,0.0,35.0,0.5,BROKEN_TOOTH
101.9,-0.0255,0.6375,0.0,35.0,0.5,BROKEN_TOOTH
102.0,-0.0039,0.6768,0.0,35.0,0.5,BROKEN_TOOTH
102.1,0.0179,0.5026,0.0,35.0,0.5,BROKEN_TOOTH
102.2,-0.2395,0.4424,0.0,35.0,0.5,BROKEN_TOOTH
102.3,-0.2901,0.2388,0.0,35.0,0.5,BROKEN_TOOTH
102.4,-0.4345,0.0529,0.0,35.0,0.5,BROKEN_TOOTH
102.5,-0.4167,0.1123,0.0,35.0,0.5,BROKEN_TOOTH
102.6,-0.3974,0.1645,0.0,35.0,0.5,BROKEN_TOOTH
102.7,-0.1961,0.279,0.0,35.0,0.5,BROKEN_TOOTH
102.8,-0.1232,0.5428,0.0,35.0,0.5,BROKEN_TOOTH
102.9,-0.1317,0.6039,0.0,35.0,0.5,BROKEN_TOOTH
103.0,-0.153,0.4861,0.0,35.0,0.5,BROKEN_TOOTH
103.1,-0.292,0.3597,0.0,35.0,0.5,BROKEN_TOOTH
103.2,-0.3998,0.0375,0.0,35.0,0.5,BROKEN_TOOTH
103.3,-0.5794,0.0319,5.0,35.0,0.5,BROKEN_TOOTH
103.4,-0.5283,-0.0655,5.0,35.0,0.5,BROKEN_TOOTH
103.5,-0.4245,0.0582,5.0,35.0,0.5,BROKEN_TOOTH
103.6,-0.3142,0.2995,5.0,35.0,0.5,BROKEN_TOOTH
103.7,-0.1388,0.4961,5.0,35.0,0.5,BROKEN_TOOTH
103.8,-0.1323,0.5399,5.0,35.0,0.5,BROKEN_TOOTH
103.9,-0.231,0.4092,0.0,35.0,0.5,BROKEN_TOOTH
104.0,-0.3494,0.2307,0.0,35.0,0.5,BROKEN_TOOTH
104.1,-0.4867,-0.009,0.0,35.0,0.5,BROKEN_TOOTH
104.2,-0.5704,-0.094,0.0,35.0,0.5,BROKEN_TOOTH
104.3,-0.6798,-0.0228,0.0,35.0,0.5,BROKEN_TOOTH
104.4,-0.5143,0.0598,0.0,35.0,0.5,BROKEN_TOOTH
104.5,-0.4424,0.3019,0.0,35.0,0.5,BROKEN_TOOTH
104.6,-0.1967,0.4951,0.0,35.0,0.5,BROKEN_TOOTH
104.7,-0.2334,0.44,0.0,35.0,0.5,BROKEN_TOOTH
104.8,-0.3042,0.3652,0.0,35.0,0.5,BROKEN_TOOTH
104.9,-0.3805,0.288,0.0,35.0,0.5,BROKEN_TOOTH
105.0,-0.5419,0.0458,0.0,35.0,0.5,BROKEN_TOOTH
105.1,-0.7011,-0.2321,0.0,35.0,0.5,BROKEN_TOOTH
105.2,-0.6374,-0.1127,0.0,35.0,0.5,BROKEN_TOOTH
105.3,-0.5545,0.0117,0.0,35.0,0.5,BROKEN_TOOTH
105.4,-0.4915,0.2526,0.0,35.0,0.5,BROKEN_TOOTH
105.5,-0.3334,0.3313,0.0,35.0,0.5,BROKEN_TOOTH
105.6,-0.2826,0.3634,0.0,35.0,0.5,BROKEN_TOOTH
105.7,-0.3476,0.2673,0.0,35.0,0.5,BROKEN_TOOTH
105.8,-0.5474,0.0732,0.0,35.0,0.5,BROKEN_TOOTH
105.9,-0.5494,-0.0603,0.0,35.0,0.5,BROKEN_TOOTH
106.0,-0.6859,-0.2735,0.0,35.0,0.5,BROKEN_TOOTH
106.1,-0.6591,-0.2189,0.0,35.0,0.5,BROKEN_TOOTH
106.2,-0.5382,-0.1266,5.0,35.0,0.5,BROKEN_TOOTH
106.3,-0.4619,0.213,5.0,35.0,0.5,BROKEN_TOOTH
106.4,-0.2965,0.3768,5.0,35.0,0.5,BROKEN_TOOTH
106.5,-0.3169,0.3235,5.0,35.0,0.5,BROKEN_TOOTH
106.6,-0.4157,0.2116,5.0,35.0,0.5,BROKEN_TOOTH
106.7,-0.474,0.0463,5.0,35.0,0.5,BROKEN_TOOTH
106.8,-0.5572,-0.102,0.0,35.0,0.5,BROKEN_TOOTH
106.9,-0.6611,-0.2596,0.0,35.0,0.5,BROKEN_TOOTH
107.0,-0.6225,-0.2781,0.0,35.0,0.5,BROKEN_TOOTH
107.1,-0.5854,-0.167,0.0,35.0,0.5,BROKEN_TOOTH
107.2,-0.5016,0.0576,0.0,35.0,0.5,BROKEN_TOOTH
107.3,-0.2464,0.2608,0.0,35.0,0.5,BROKEN_TOOTH
107.4,-0.2021,0.2406,0.0,35.0,0.5,BROKEN_TOOTH
107.5,-0.3038,0.161,0.0,35.0,0.5,BROKEN_TOOTH
107.6,-0.5293,-0.0824,0.0,35.0,0.5,BROKEN_TOOTH
107.7,-0.6945,-0.3029,0.0,35.0,0.5,BROKEN_TOOTH
107.8,-0.7473,-0.4039,0.0,35.0,0.5,BROKEN_TOOTH
107.9,-0.7405,-0.22,0.0,35.0,0.5,BROKEN_TOOTH
108.0,-0.5463,-0.0904,0.0,35.0,0.5,BROKEN_TOOTH
108.1,-0.3213,0.1504,0.0,35.0,0.5,BROKEN_TOOTH
108.2,-0.3106,0.2273,0.0,35.0,0.5,BROKEN_TOOTH
108.3,-0.2771,0.1848,0.0,35.0,0.5,BROKEN_TOOTH
108.4,-0.303,0.1418,0.0,35.0,0.5,BROKEN_TOOTH
108.5,-0.5232,-0.1345,0.0,35.0,0.5,BROKEN_TOOTH
108.6,-0.5203,-0.3125,0.0,35.0,0.5,BROKEN_TOOTH
108.7,-0.5712,-0.4112,0.0,35.0,0.5,BROKEN_TOOTH
108.8,-0.631,-0.4994,0.0,35.0,0.5,BROKEN_TOOTH
108.9,-0.532,-0.1028,0.0,35.0,0.5,BROKEN_TOOTH
109.0,-0.3277,0.039,5.0,35.0,0.5,BROKEN_TOOTH
109.1,-0.2849,0.1597,5.0,35.0,0.5,BROKEN_TOOTH
109.2,-0.3189,0.1358,5.0,35.0,0.5,BROKEN_TOOTH
109.3,-0.28,0.0084,5.0,35.0,0.5,BROKEN_TOOTH
109.4,-0.4138,-0.2402,5.0,35.0,0.5,BROKEN_TOOTH
109.5,-0.5806,-0.365,5.0,35.0,0.5,BROKEN_TOOTH
109.6,-0.6919,-0.5369,0.0,35.0,0.5,BROKEN_TOOTH
109.7,-0.6353,-0.3954,0.0,35.0,0.5,BROKEN_TOOTH
109.8,-0.4417,-0.2023,0.0,35.0,0.5,BROKEN_TOOTH
109.9,-0.3308,-0.0445,0.0,35.0,0.5,BROKEN_TOOTH
110.0,-0.2314,0.1049,0.0,35.0,0.5,BROKEN_TOOTH
110.1,-0.1618,0.0222,0.0,35.0,0.5,BROKEN_TOOTH
110.2,-0.2626,-0.123,0.0,35.0,0.5,BROKEN_TOOTH
110.3,-0.3602,-0.2748,0.0,35.0,0.5,BROKEN_TOOTH
110.4,-0.587,-0.4326,0.0,35.0,0.5,BROKEN_TOOTH
110.5,-0.5866,-0.626,0.0,35.0,0.5,BROKEN_TOOTH
110.6,-0.4684,-0.4295,0.0,35.0,0.5,BROKEN_TOOTH
110.7,-0.3523,-0.3035,0.0,35.0,0.5,BROKEN_TOOTH
110.8,-0.1568,-0.0924,0.0,35.0,0.5,BROKEN_TOOTH
110.9,-0.1247,-0.037,0.0,35.0,0.5,BROKEN_TOOTH
111.0,-0.0573,-0.0374,0.0,35.0,0.5,BROKEN_TOOTH
111.1,-0.2125,-0.1003,0.0,35.0,0.5,BROKEN_TOOTH
111.2,-0.3153,-0.3597,0.0,35.0,0.5,BROKEN_TOOTH
111.3,-0.4875,-0.5544,0.0,35.0,0.5,BROKEN_TOOTH
111.4,-0.4944,-0.5965,0.0,35.0,0.5,BROKEN_TOOTH
111.5,-0.3789,-0.4801,0.0,35.0,0.5,BROKEN_TOOTH
111.6,-0.2078,-0.2987,0.0,35.0,0.5,BROKEN_TOOTH
111.7,-0.1112,-0.1335,0.0,35.0,0.5,BROKEN_TOOTH
111.8,-0.0686,0.0292,0.0,35.0,0.5,BROKEN_TOOTH
111.9,-0.0051,-0.0119,5.0,35.0,0.5,BROKEN_TOOTH
112.0,-0.2769,-0.2004,5.0,35.0,0.5,BROKEN_TOOTH
112.1,-0.3665,-0.4314,5.0,35.0,0.5,BROKEN_TOOTH
112.2,-0.3588,-0.5686,5.0,35.0,0.5,BROKEN_TOOTH
112.3,-0.4081,-0.6309,5.0,35.0,0.5,BROKEN_TOOTH
112.4,-0.3006,-0.498,5.0,35.0,0.5,BROKEN_TOOTH
112.5,-0.1881,-0.3182,0.0,35.0,0.5,BROKEN_TOOTH
112.6,-0.0232,-0.2262,0.0,35.0,0.5,BROKEN_TOOTH
112.7,-0.0142,-0.134,0.0,35.0,0.5,BROKEN_TOOTH
112.8,0.0396,-0.1597,0.0,35.0,0.5,BROKEN_TOOTH
112.9,-0.0361,-0.243,0.0,35.0,0.5,BROKEN_TOOTH
113.0,-0.1521,-0.5834,0.0,35.0,0.5,BROKEN_TOOTH
113.1,-0.2047,-0.6452,0.0,35.0,0.5,BROKEN_TOOTH
113.2,-0.3015,-0.6814,0.0,35.0,0.5,BROKEN_TOOTH
113.3,-0.2154,-0.5367,0.0,35.0,0.5,BROKEN_TOOTH
113.4,-0.1629,-0.3943,0.0,35.0,0.5,BROKEN_TOOTH
113.5,0.0244,-0.2862,0.0,35.0,0.5,BROKEN_TOOTH
113.6,0.114,-0.1802,0.0,35.0,0.5,BROKEN_TOOTH
113.7,0.1544,-0.2462,0.0,35.0,0.5,BROKEN_TOOTH
113.8,-0.0293,-0.3872,0.0,35.0,0.5,BROKEN_TOOTH
113.9,-0.0854,-0.5815,0.0,35.0,0.5,BROKEN_TOOTH
114.0,2.2876,2.4165,0.0,35.0,0.5,BROKEN_TOOTH
114.1,1.9768,2.1393,0.0,35.0,0.5,BROKEN_TOOTH
114.2,1.8241,1.7745,0.0,35.0,0.5,BROKEN_TOOTH
114.3,1.7039,1.8047,0.0,35.0,0.5,BROKEN_TOOTH
114.4,1.6322,1.7148,0.0,35.0,0.5,BROKEN_TOOTH
114.5,1.4548,1.5476,0.0,35.0,0.5,BROKEN_TOOTH
114.6,1.3409,1.2006,0.0,35.0,0.5,BROKEN_TOOTH
114.7,1.0854,0.8953,0.0,35.0,0.5,BROKEN_TOOTH
114.8,0.8351,0.4467,5.0,35.0,0.5,BROKEN_TOOTH
114.9,0.6917,0.2729,5.0,35.0,0.5,BROKEN_TOOTH
115.0,0.6146,0.0889,5.0,35.0,0.5,BROKEN_TOOTH
115.1,0.6058,0.0877,5.0,35.0,0.5,BROKEN_TOOTH
115.2,0.7164,0.1503,5.0,35.0,0.5,BROKEN_TOOTH
115.3,0.7624,0.1808,0.0,35.0,0.5,BROKEN_TOOTH
115.4,0.7219,0.2484,0.0,35.0,0.5,BROKEN_TOOTH
115.5,0.6283,0.2179,0.0,35.0,0.5,BROKEN_TOOTH
115.6,0.5146,-0.098,0.0,35.0,0.5,BROKEN_TOOTH
115.7,0.3637,-0.3445,0.0,35.0,0.5,BROKEN_TOOTH
115.8,0.2935,-0.4838,0.0,35.0,0.5,BROKEN_TOOTH
115.9,0.2653,-0.467,0.0,35.0,0.5,BROKEN_TOOTH
116.0,0.2531,-0.394,0.0,35.0,0.5,BROKEN_TOOTH
116.1,0.3984,-0.3391,0.0,35.0,0.5,BROKEN_TOOTH
116.2,0.5441,-0.2426,0.0,35.0,0.5,BROKEN_TOOTH
116.3,0.5986,0.0085,0.0,35.0,0.5,BROKEN_TOOTH
116.4,0.5339,-0.0996,0.0,35.0,0.5,BROKEN_TOOTH
116.5,0.3572,-0.4098,0.0,35.0,0.5,BROKEN_TOOTH
116.6,0.1608,-0.7047,0.0,35.0,0.5,BROKEN_TOOTH
116.7,0.09,-0.7351,0.0,35.0,0.5,BROKEN_TOOTH
116.8,0.1622,-0.7924,0.0,35.0,0.5,BROKEN_TOOTH
116.9,0.2623,-0.6645,0.0,35.0,0.5,BROKEN_TOOTH
117.0,0.3293,-0.4223,0.0,35.0,0.5,BROKEN_TOOTH
117.1,0.5025,-0.2927,0.0,35.0,0.5,BROKEN_TOOTH
117.2,0.5711,-0.3265,0.0,35.0,0.5,BROKEN_TOOTH
117.3,0.427,-0.3823,0.0,35.0,0.5,BROKEN_TOOTH
117.4,0.4186,-0.5312,0.0,35.0,0.5,BROKEN_TOOTH
117.5,0.2164,-0.7469,0.0,35.0,0.5,BROKEN_TOOTH
117.6,0.2263,-0.8831,5.0,35.0,0.5,BROKEN_TOOTH
117.7,0.1575,-0.8343,5.0,35.0,0.5,BROKEN_TOOTH
117.8,0.2386,-0.7558,5.0,35.0,0.5,BROKEN_TOOTH
117.9,0.4102,-0.5294,5.0,35.0,0.5,BROKEN_TOOTH
118.0,0.5286,-0.5686,5.0,35.0,0.5,BROKEN_TOOTH
118.1,0.5506,-0.3825,5.0,35.0,0.5,BROKEN_TOOTH
118.2,0.5016,-0.4231,0.0,35.0,0.5,BROKEN_TOOTH
118.3,0.408,-0.677,0.0,35.0,0.5,BROKEN_TOOTH
118.4,0.259,-0.8805,0.0,35.0,0.5,BROKEN_TOOTH
118.5,0.2001,-1.0195,0.0,35.0,0.5,BROKEN_TOOTH
118.6,0.1468,-0.8874,0.0,35.0,0.5,BROKEN_TOOTH
118.7,0.3633,-0.7562,0.0,35.0,0.5,BROKEN_TOOTH
118.8,0.4832,-0.5393,0.0,35.0,0.5,BROKEN_TOOTH
118.9,0.6792,-0.5128,0.0,35.0,0.5,BROKEN_TOOTH
119.0,0.5799,-0.4045,0.0,35.0,0.5,BROKEN_TOOTH
119.1,0.471,-0.5204,0.0,35.0,0.5,BROKEN_TOOTH
119.2,0.467,-0.7197,0.0,35.0,0.5,BROKEN_TOOTH
119.3,0.3303,-0.9321,0.0,35.0,0.5,BROKEN_TOOTH
119.4,0.2026,-1.0193,0.0,35.0,0.5,BROKEN_TOOTH
119.5,0.2103,-0.919,0.0,35.0,0.5,BROKEN_TOOTH
119.6,0.4776,-0.8962,0.0,35.0,0.5,BROKEN_TOOTH
119.7,0.6133,-0.5083,0.0,35.0,0.5,BROKEN_TOOTH
119.8,0.5227,-0.4254,0.0,35.0,0.5,BROKEN_TOOTH
119.9,0.6434,-0.4315,0.0,35.0,0.5,BROKEN_TOOTH
120.0,0.6763,-0.5022,0.0,35.0,0.5,BROKEN_TOOTH
120.1,0.4399,-0.822,0.0,35.0,0.5,BROKEN_TOOTH
120.2,0.3168,-0.9738,0.0,35.0,0.5,BROKEN_TOOTH
120.3,0.2713,-1.0375,0.0,35.0,0.5,BROKEN_TOOTH
120.4,0.268,-0.912,0.0,35.0,0.5,BROKEN_TOOTH
120.5,0.3546,-0.8151,5.0,35.0,0.5,BROKEN_TOOTH
120.6,0.6318,-0.5872,5.0,35.0,0.5,BROKEN_TOOTH
120.7,0.5845,-0.4984,5.0,35.0,0.5,BROKEN_TOOTH
120.8,0.6993,-0.4341,5.0,35.0,0.5,BROKEN_TOOTH
120.9,0.6502,-0.5008,5.0,35.0,0.5,BROKEN_TOOTH
121.0,0.4002,-0.7388,5.0,35.0,0.5,BROKEN_TOOTH
121.1,0.305,-0.9787,0.0,35.0,0.5,BROKEN_TOOTH
121.2,0.3602,-1.0217,0.0,35.0,0.5,BROKEN_TOOTH
121.3,0.3692,-0.965,0.0,35.0,0.5,BROKEN_TOOTH
121.4,0.4292,-0.7948,0.0,35.0,0.5,BROKEN_TOOTH
121.5,0.6564,-0.5623,0.0,35.0,0.5,BROKEN_TOOTH
121.6,0.7468,-0.429,0.0,35.0,0.5,BROKEN_TOOTH
121.7,0.7012,-0.49,0.0,35.0,0.5,BROKEN_TOOTH
121.8,0.554,-0.5853,0.0,35.0,0.5,BROKEN_TOOTH
121.9,0.4416,-0.8421,0.0,35.0,0.5,BROKEN_TOOTH
122.0,0.3563,-1.0496,0.0,35.0,0.5,BROKEN_TOOTH
122.1,0.2851,-1.0876,0.0,35.0,0.5,BROKEN_TOOTH
122.2,0.3889,-1.0059,0.0,35.0,0.5,BROKEN_TOOTH
122.3,0.3843,-0.9057,0.0,35.0,0.5,BROKEN_TOOTH
122.4,0.519,-0.5786,0.0,35.0,0.5,BROKEN_TOOTH
122.5,0.6854,-0.6338,0.0,35.0,0.5,BROKEN_TOOTH
122.6,0.6439,-0.369,0.0,35.0,0.5,BROKEN_TOOTH
122.7,0.5411,-0.5707,0.0,35.0,0.5,BROKEN_TOOTH
122.8,0.3442,-0.8654,0.0,35.0,0.5,BROKEN_TOOTH
122.9,0.3147,-1.0264,0.0,35.0,0.5,BROKEN_TOOTH
123.0,0.2682,-1.0719,0.0,35.0,0.5,BROKEN_TOOTH
123.1,0.3552,-1.0344,0.0,35.0,0.5,BROKEN_TOOTH
123.2,0.4459,-0.8105,0.0,35.0,0.5,BROKEN_TOOTH
123.3,0.5651,-0.6281,5.0,35.0,0.5,BROKEN_TOOTH
123.4,0.7057,-0.5072,5.0,35.0,0.5,BROKEN_TOOTH
123.5,0.5644,-0.5125,5.0,35.0,0.5,BROKEN_TOOTH
123.6,0.5538,-0.7353,5.0,35.0,0.5,BROKEN_TOOTH
123.7,0.3008,-0.8747,5.0,35.0,0.5,BROKEN_TOOTH
123.8,0.2255,-1.0366,5.0,35.0,0.5,BROKEN_TOOTH
123.9,0.1686,-1.0879,0.0,35.0,0.5,BROKEN_TOOTH
124.0,0.3244,-1.0131,0.0,35.0,0.5,BROKEN_TOOTH
124.1,0.4029,-0.7557,0.0,35.0,0.5,BROKEN_TOOTH
124.2,0.5309,-0.6333,0.0,35.0,0.5,BROKEN_TOOTH
124.3,0.5437,-0.4939,0.0,35.0,0.5,BROKEN_TOOTH
124.4,0.5585,-0.4693,0.0,35.0,0.5,BROKEN_TOOTH
124.5,0.4257,-0.6928,0.0,35.0,0.5,BROKEN_TOOTH
124.6,0.3382,-0.8851,0.0,35.0,0.5,BROKEN_TOOTH
124.7,0.155,-1.0618,0.0,35.0,0.5,BROKEN_TOOTH
124.8,0.2379,-1.034,0.0,35.0,0.5,BROKEN_TOOTH
124.9,0.1481,-1.007,0.0,35.0,0.5,BROKEN_TOOTH
125.0,0.3132,-0.7358,0.0,35.0,0.5,BROKEN_TOOTH
125.1,0.559,-0.611,0.0,35.0,0.5,BROKEN_TOOTH
125.2,0.5132,-0.5468,0.0,35.0,0.5,BROKEN_TOOTH
125.3,0.4352,-0.5085,0.0,35.0,0.5,BROKEN_TOOTH
125.4,0.3963,-0.7185,0.0,35.0,0.5,BROKEN_TOOTH
125.5,0.2152,-0.8786,0.0,35.0,0.5,BROKEN_TOOTH
125.6,0.0857,-1.2,0.0,35.0,0.5,BROKEN_TOOTH
125.7,0.0449,-1.0914,0.0,35.0,0.5,BROKEN_TOOTH
125.8,0.303,-1.0034,0.0,35.0,0.5,BROKEN_TOOTH
125.9,0.2746,-0.8356,0.0,35.0,0.5,BROKEN_TOOTH
126.0,0.3085,-0.6192,0.0,35.0,0.5,BROKEN_TOOTH
126.1,0.532,-0.5269,0.0,35.0,0.5,BROKEN_TOOTH
126.2,0.4458,-0.5488,5.0,35.0,0.5,BROKEN_TOOTH
126.3,0.2558,-0.7813,5.0,35.0,0.5,BROKEN_TOOTH
126.4,0.1003,-0.9024,5.0,35.0,0.5,BROKEN_TOOTH
126.5,0.0727,-0.9962,5.0,35.0,0.5,BROKEN_TOOTH
126.6,0.0046,-1.0677,5.0,35.0,0.5,BROKEN_TOOTH
126.7,-0.0097,-0.9208,5.0,35.0,0.5,BROKEN_TOOTH
126.8,0.2993,-0.7052,0.0,35.0,0.5,BROKEN_TOOTH
126.9,0.302,-0.5109,0.0,35.0,0.5,BROKEN_TOOTH
127.0,0.4438,-0.3947,0.0,35.0,0.5,BROKEN_TOOTH
127.1,0.3832,-0.5709,0.0,35.0,0.5,BROKEN_TOOTH
127.2,0.1433,-0.7537,0.0,35.0,0.5,BROKEN_TOOTH
127.3,0.0977,-0.8824,0.0,35.0,0.5,BROKEN_TOOTH
127.4,-0.0902,-1.0243,0.0,35.0,0.5,BROKEN_TOOTH
127.5,-0.1668,-1.0273,0.0,35.0,0.5,BROKEN_TOOTH
127.6,-0.0203,-0.8423,0.0,35.0,0.5,BROKEN_TOOTH
127.7,0.1452,-0.7319,0.0,35.0,0.5,BROKEN_TOOTH
127.8,0.2121,-0.5283,0.0,35.0,0.5,BROKEN_TOOTH
127.9,0.2582,-0.5232,0.0,35.0,0.5,BROKEN_TOOTH
128.0,0.2739,-0.4344,0.0,35.0,0.5,BROKEN_TOOTH
128.1,0.0921,-0.7348,0.0,35.0,0.5,BROKEN_TOOTH
128.2,-0.1021,-0.935,0.0,35.0,0.5,BROKEN_TOOTH
128.3,-0.1237,-1.0668,0.0,35.0,0.5,BROKEN_TOOTH
128.4,-0.1581,-1.077,0.0,35.0,0.5,BROKEN_TOOTH
128.5,-0.2146,-0.9434,0.0,35.0,0.5,BROKEN_TOOTH
128.6,0.0582,-0.7265,0.0,35.0,0.5,BROKEN_TOOTH
128.7,0.1627,-0.5904,0.0,35.0,0.5,BROKEN_TOOTH
128.8,0.1757,-0.4952,0.0,35.0,0.5,BROKEN_TOOTH
128.9,0.156,-0.4347,0.0,35.0,0.5,BROKEN_TOOTH
129.0,-0.0556,-0.6766,5.0,35.0,0.5,BROKEN_TOOTH
129.1,-0.1504,-0.8662,5.0,35.0,0.5,BROKEN_TOOTH
129.2,-0.3389,-0.9747,5.0,35.0,0.5,BROKEN_TOOTH
129.3,-0.2425,-0.9263,5.0,35.0,0.5,BROKEN_TOOTH
129.4,-0.0804,-0.9605,5.0,35.0,0.5,BROKEN_TOOTH
129.5,-0.1014,-0.725,5.0,35.0,0.5,BROKEN_TOOTH
129.6,0.0131,-0.5307,0.0,35.0,0.5,BROKEN_TOOTH
129.7,0.0409,-0.4572,0.0,35.0,0.5,BROKEN_TOOTH
129.8,0.0136,-0.534,0.0,35.0,0.5,BROKEN_TOOTH
129.9,-0.1821,-0.7266,0.0,35.0,0.5,BROKEN_TOOTH
130.0,-0.251,-0.8892,0.0,35.0,0.5,BROKEN_TOOTH
130.1,-0.3169,-1.0106,0.0,35.0,0.5,BROKEN_TOOTH
130.2,-0.3273,-1.0221,0.0,35.0,0.5,BROKEN_TOOTH
130.3,-0.3522,-0.9408,0.0,35.0,0.5,BROKEN_TOOTH
130.4,-0.0865,-0.672,0.0,35.0,0.5,BROKEN_TOOTH
130.5,0.01,-0.4823,0.0,35.0,0.5,BROKEN_TOOTH
130.6,0.0239,-0.4201,0.0,35.0,0.5,BROKEN_TOOTH
130.7,-0.0738,-0.5582,0.0,35.0,0.5,BROKEN_TOOTH
130.8,-0.2193,-0.7151,0.0,35.0,0.5,BROKEN_TOOTH
130.9,-0.3189,-0.9395,0.0,35.0,0.5,BROKEN_TOOTH
131.0,-0.3548,-0.9921,0.0,35.0,0.5,BROKEN_TOOTH
131.1,-0.4856,-1.0023,0.0,35.0,0.5,BROKEN_TOOTH
131.2,-0.2882,-0.8298,0.0,35.0,0.5,BROKEN_TOOTH
131.3,-0.2177,-0.6423,0.0,35.0,0.5,BROKEN_TOOTH
131.4,-0.1238,-0.4232,0.0,35.0,0.5,BROKEN_TOOTH
131.5,-0.1806,-0.4214,0.0,35.0,0.5,BROKEN_TOOTH
131.6,-0.1976,-0.4353,0.0,35.0,0.5,BROKEN_TOOTH
131.7,-0.3724,-0.6523,0.0,35.0,0.5,BROKEN_TOOTH
131.8,-0.4823,-0.8644,0.0,35.0,0.5,BROKEN_TOOTH
131.9,-0.5872,-0.9941,5.0,35.0,0.5,BROKEN_TOOTH
132.0,-0.5336,-0.8873,5.0,35.0,0.5,BROKEN_TOOTH
132.1,-0.4299,-0.7036,5.0,35.0,0.5,BROKEN_TOOTH
132.2,-0.2749,-0.5203,5.0,35.0,0.5,BROKEN_TOOTH
132.3,-0.2675,-0.2923,5.0,35.0,0.5,BROKEN_TOOTH
132.4,-0.2509,-0.3219,5.0,35.0,0.5,BROKEN_TOOTH
132.5,-0.2446,-0.4101,0.0,35.0,0.5,BROKEN_TOOTH
132.6,-0.4422,-0.6437,0.0,35.0,0.5,BROKEN_TOOTH
132.7,-0.4809,-0.8004,0.0,35.0,0.5,BROKEN_TOOTH
132.8,-0.5887,-0.9576,0.0,35.0,0.5,BROKEN_TOOTH
132.9,-0.5402,-0.8823,0.0,35.0,0.5,BROKEN_TOOTH
133.0,-0.3927,-0.6671,0.0,35.0,0.5,BROKEN_TOOTH
133.1,-0.3477,-0.4571,0.0,35.0,0.5,BROKEN_TOOTH
133.2,-0.2712,-0.3008,0.0,35.0,0.5,BROKEN_TOOTH
133.3,-0.1959,-0.2535,0.0,35.0,0.5,BROKEN_TOOTH
133.4,-0.3019,-0.4987,0.0,35.0,0.5,BROKEN_TOOTH
133.5,-0.4763,-0.6729,0.0,35.0,0.5,BROKEN_TOOTH
133.6,-0.5249,-0.7916,0.0,35.0,0.5,BROKEN_TOOTH
133.7,-0.6622,-0.9129,0.0,35.0,0.5,BROKEN_TOOTH
133.8,-0.612,-0.639,0.0,35.0,0.5,BROKEN_TOOTH
133.9,-0.4996,-0.6012,0.0,35.0,0.5,BROKEN_TOOTH
134.0,-0.4153,-0.4215,0.0,35.0,0.5,BROKEN_TOOTH
134.1,-0.2781,-0.3026,0.0,35.0,0.5,BROKEN_TOOTH
134.2,-0.2141,-0.2931,0.0,35.0,0.5,BROKEN_TOOTH
134.3,-0.353,-0.3943,0.0,35.0,0.5,BROKEN_TOOTH
134.4,-0.5127,-0.5887,0.0,35.0,0.5,BROKEN_TOOTH
134.5,-0.6445,-0.7905,0.0,35.0,0.5,BROKEN_TOOTH
134.6,-0.6685,-0.8449,0.0,35.0,0.5,BROKEN_TOOTH
134.7,-0.601,-0.6851,0.0,35.0,0.5,BROKEN_TOOTH
134.8,-0.4895,-0.4965,5.0,35.0,0.5,BROKEN_TOOTH
134.9,-0.4036,-0.3452,5.0,35.0,0.5,BROKEN_TOOTH
135.0,-0.2874,-0.2917,5.0,35.0,0.5,BROKEN_TOOTH
135.1,-0.2864,-0.2,5.0,35.0,0.5,BROKEN_TOOTH
135.2,-0.4552,-0.2834,5.0,35.0,0.5,BROKEN_TOOTH
135.3,-0.5344,-0.4923,0.0,35.0,0.5,BROKEN_TOOTH
135.4,-0.7672,-0.6917,0.0,35.0,0.5,BROKEN_TOOTH
135.5,-0.6749,-0.7106,0.0,35.0,0.5,BROKEN_TOOTH
135.6,-0.6109,-0.6901,0.0,35.0,0.5,BROKEN_TOOTH
135.7,-0.4827,-0.4697,0.0,35.0,0.5,BROKEN_TOOTH
135.8,-0.4062,-0.3292,0.0,35.0,0.5,BROKEN_TOOTH
135.9,-0.2911,-0.1554,0.0,35.0,0.5,BROKEN_TOOTH
136.0,-0.2469,-0.1159,0.0,35.0,0.5,BROKEN_TOOTH
136.1,-0.3446,-0.3532,0.0,35.0,0.5,BROKEN_TOOTH
136.2,-0.5532,-0.5671,0.0,35.0,0.5,BROKEN_TOOTH
136.3,-0.655,-0.6806,0.0,35.0,0.5,BROKEN_TOOTH
136.4,-0.6375,-0.7398,0.0,35.0,0.5,BROKEN_TOOTH
136.5,-0.7045,-0.5973,0.0,35.0,0.5,BROKEN_TOOTH
136.6,-0.5167,-0.4562,0.0,35.0,0.5,BROKEN_TOOTH
136.7,-0.2999,-0.1441,0.0,35.0,0.5,BROKEN_TOOTH
136.8,-0.2416,-0.1777,0.0,35.0,0.5,BROKEN_TOOTH
136.9,-0.2882,-0.0729,0.0,35.0,0.5,BROKEN_TOOTH
137.0,-0.4818,-0.322,0.0,35.0,0.5,BROKEN_TOOTH
137.1,-0.5436,-0.5741,0.0,35.0,0.5,BROKEN_TOOTH
137.2,-0.6746,-0.6272,0.0,35.0,0.5,BROKEN_TOOTH
137.3,-0.6507,-0.6844,0.0,35.0,0.5,BROKEN_TOOTH
137.4,-0.6359,-0.619,0.0,35.0,0.5,BROKEN_TOOTH
137.5,-0.5132,-0.4473,0.0,35.0,0.5,BROKEN_TOOTH
137.6,-0.4315,-0.1632,5.0,35.0,0.5,BROKEN_TOOTH
137.7,-0.1947,-0.0058,5.0,35.0,0.5,BROKEN_TOOTH
137.8,-0.2968,-0.0578,5.0,35.0,0.5,BROKEN_TOOTH
137.9,-0.3713,-0.2388,5.0,35.0,0.5,BROKEN_TOOTH
138.0,-0.5119,-0.418,5.0,35.0,0.5,BROKEN_TOOTH
138.1,-0.6626,-0.5911,5.0,35.0,0.5,BROKEN_TOOTH
138.2,-0.6855,-0.6833,0.0,35.0,0.5,BROKEN_TOOTH
138.3,-0.5932,-0.5656,0.0,35.0,0.5,BROKEN_TOOTH
138.4,-0.4414,-0.3008,0.0,35.0,0.5,BROKEN_TOOTH
138.5,-0.2538,-0.1018,0.0,35.0,0.5,BROKEN_TOOTH
138.6,-0.2437,0.048,0.0,35.0,0.5,BROKEN_TOOTH
138.7,-0.1426,0.001,0.0,35.0,0.5,BROKEN_TOOTH
138.8,-0.2833,-0.1673,0.0,35.0,0.5,BROKEN_TOOTH
138.9,-0.4247,-0.4112,0.0,35.0,0.5,BROKEN_TOOTH
139.0,-0.562,-0.6067,0.0,35.0,0.5,BROKEN_TOOTH
139.1,-0.4851,-0.5286,0.0,35.0,0.5,BROKEN_TOOTH
139.2,-0.4845,-0.3969,0.0,35.0,0.5,BROKEN_TOOTH
139.3,-0.3339,-0.3356,0.0,35.0,0.5,BROKEN_TOOTH
139.4,-0.192,-0.0652,0.0,35.0,0.5,BROKEN_TOOTH
139.5,-0.1018,0.032,0.0,35.0,0.5,BROKEN_TOOTH
139.6,-0.1361,0.0203,0.0,35.0,0.5,BROKEN_TOOTH
139.7,-0.2988,-0.1922,0.0,35.0,0.5,BROKEN_TOOTH
139.8,-0.43,-0.3523,0.0,35.0,0.5,BROKEN_TOOTH
139.9,-0.4557,-0.4938,0.0,35.0,0.5,BROKEN_TOOTH
140.0,-0.4483,-0.4922,0.0,35.0,0.5,BROKEN_TOOTH
140.1,-0.4096,-0.3855,0.0,35.0,0.5,BROKEN_TOOTH
140.2,-0.3251,-0.1722,0.0,35.0,0.5,BROKEN_TOOTH
140.3,-0.1261,-0.0062,0.0,35.0,0.5,BROKEN_TOOTH
140.4,-0.0261,0.1474,0.0,35.0,0.5,BROKEN_TOOTH
140.5,-0.0034,0.095,5.0,35.0,0.5,BROKEN_TOOTH
140.6,-0.263,-0.1438,5.0,35.0,0.5,BROKEN_TOOTH
140.7,-0.3504,-0.2259,5.0,35.0,0.5,BROKEN_TOOTH
140.8,-0.4266,-0.4426,5.0,35.0,0.5,BROKEN_TOOTH
140.9,-0.3277,-0.3408,5.0,35.0,0.5,BROKEN_TOOTH
141.0,-0.2967,-0.3067,5.0,35.0,0.5,BROKEN_TOOTH
141.1,-0.1939,-0.1646,0.0,35.0,0.5,BROKEN_TOOTH
141.2,0.007,0.1398,0.0,35.0,0.5,BROKEN_TOOTH
141.3,0.0117,0.203,0.0,35.0,0.5,BROKEN_TOOTH
141.4,-0.0712,0.1207,0.0,35.0,0.5,BROKEN_TOOTH
141.5,-0.1666,-0.0898,0.0,35.0,0.5,BROKEN_TOOTH
141.6,-0.1591,-0.2539,0.0,35.0,0.5,BROKEN_TOOTH
141.7,-0.2984,-0.3944,0.0,35.0,0.5,BROKEN_TOOTH
141.8,-0.2929,-0.364,0.0,35.0,0.5,BROKEN_TOOTH
141.9,-0.2044,-0.1563,0.0,35.0,0.5,BROKEN_TOOTH
142.0,-0.0293,0.0236,0.0,35.0,0.5,BROKEN_TOOTH
142.1,0.0944,0.2222,0.0,35.0,0.5,BROKEN_TOOTH
142.2,0.1418,0.241,0.0,35.0,0.5,BROKEN_TOOTH
142.3,0.0852,0.1545,0.0,35.0,0.5,BROKEN_TOOTH
142.4,0.0083,-0.0672,0.0,35.0,0.5,BROKEN_TOOTH
142.5,2.3444,2.98,0.0,35.0,0.5,BROKEN_TOOTH
142.6,1.9277,2.3393,0.0,35.0,0.5,BROKEN_TOOTH
142.7,1.7079,2.1675,0.0,35.0,0.5,BROKEN_TOOTH
142.8,1.5183,2.0528,0.0,35.0,0.5,BROKEN_TOOTH
142.9,1.6625,2.0365,0.0,35.0,0.5,BROKEN_TOOTH
143.0,1.5446,1.9355,0.0,35.0,0.5,BROKEN_TOOTH
143.1,1.3417,1.8144,0.0,35.0,0.5,BROKEN_TOOTH
143.2,1.1758,1.4193,0.0,35.0,0.5,BROKEN_TOOTH
143.3,0.9182,1.1833,5.0,35.0,0.5,BROKEN_TOOTH
143.4,0.7997,0.7753,5.0,35.0,0.5,BROKEN_TOOTH
143.5,0.4967,0.578,5.0,35.0,0.5,BROKEN_TOOTH
143.6,0.5232,0.5629,5.0,35.0,0.5,BROKEN_TOOTH
143.7,0.5546,0.7068,5.0,35.0,0.5,BROKEN_TOOTH
143.8,0.6854,0.7926,5.0,35.0,0.5,BROKEN_TOOTH
143.9,0.6979,0.8669,0.0,35.0,0.5,BROKEN_TOOTH
144.0,0.5983,0.8417,0.0,35.0,0.5,BROKEN_TOOTH
144.1,0.5694,0.6513,0.0,35.0,0.5,BROKEN_TOOTH
144.2,0.3746,0.4215,0.0,35.0,0.5,BROKEN_TOOTH
144.3,0.2755,0.2412,0.0,35.0,0.5,BROKEN_TOOTH
144.4,0.2588,0.0219,0.0,35.0,0.5,BROKEN_TOOTH
144.5,0.1134,0.1379,0.0,35.0,0.5,BROKEN_TOOTH
144.6,0.2569,0.2303,0.0,35.0,0.5,BROKEN_TOOTH
144.7,0.3967,0.4784,0.0,35.0,0.5,BROKEN_TOOTH
144.8,0.4979,0.62,0.0,35.0,0.5,BROKEN_TOOTH
144.9,0.5637,0.4983,0.0,35.0,0.5,BROKEN_TOOTH
145.0,0.4373,0.4269,0.0,35.0,0.5,BROKEN_TOOTH
145.1,0.3316,0.2056,0.0,35.0,0.5,BROKEN_TOOTH
145.2,0.153,-0.0373,0.0,35.0,0.5,BROKEN_TOOTH
145.3,0.1372,-0.0915,0.0,35.0,0.5,BROKEN_TOOTH
145.4,0.2016,0.1323,0.0,35.0,0.5,BROKEN_TOOTH
145.5,0.2416,0.2085,0.0,35.0,0.5,BROKEN_TOOTH
145.6,0.4571,0.4783,0.0,35.0,0.5,BROKEN_TOOTH
145.7,0.5196,0.5669,0.0,35.0,0.5,BROKEN_TOOTH
145.8,0.5818,0.5018,0.0,35.0,0.5,BROKEN_TOOTH
145.9,0.4414,0.3973,0.0,35.0,0.5,BROKEN_TOOTH
146.0,0.3408,0.2462,0.0,35.0,0.5,BROKEN_TOOTH
146.1,0.2023,0.0574,0.0,35.0,0.5,BROKEN_TOOTH
146.2,0.1524,-0.0689,5.0,35.0,0.5,BROKEN_TOOTH
146.3,0.2183,-0.0483,5.0,35.0,0.5,BROKEN_TOOTH
146.4,0.3551,0.3713,5.0,35.0,0.5,BROKEN_TOOTH
146.5,0.3929,0.3895,5.0,35.0,0.5,BROKEN_TOOTH
146.6,0.6252,0.5227,5.0,35.0,0.5,BROKEN_TOOTH
146.7,0.4696,0.5539,5.0,35.0,0.5,BROKEN_TOOTH
146.8,0.4477,0.4109,0.0,35.0,0.5,BROKEN_TOOTH
146.9,0.3485,0.2322,0.0,35.0,0.5,BROKEN_TOOTH
147.0,0.2616,0.1183,0.0,35.0,0.5,BROKEN_TOOTH
147.1,0.2805,-0.0145,0.0,35.0,0.5,BROKEN_TOOTH
147.2,0.1644,0.0138,0.0,35.0,0.5,BROKEN_TOOTH
147.3,0.359,0.2516,0.0,35.0,0.5,BROKEN_TOOTH
147.4,0.4192,0.4456,0.0,35.0,0.5,BROKEN_TOOTH
147.5,0.6181,0.6742,0.0,35.0,0.5,BROKEN_TOOTH
147.6,0.6306,0.6602,0.0,35.0,0.5,BROKEN_TOOTH
147.7,0.6089,0.4738,0.0,35.0,0.5,BROKEN_TOOTH
147.8,0.4038,0.2058,0.0,35.0,0.5,BROKEN_TOOTH
147.9,0.3395,0.0416,0.0,35.0,0.5,BROKEN_TOOTH
148.0,0.282,0.051,0.0,35.0,0.5,BROKEN_TOOTH
148.1,0.2912,0.1567,0.0,35.0,0.5,BROKEN_TOOTH
148.2,0.3708,0.3135,0.0,35.0,0.5,BROKEN_TOOTH
148.3,0.5927,0.5147,0.0,35.0,0.5,BROKEN_TOOTH
148.4,0.5878,0.6348,0.0,35.0,0.5,BROKEN_TOOTH
148.5,0.7188,0.6513,0.0,35.0,0.5,BROKEN_TOOTH
148.6,0.5513,0.3923,0.0,35.0,0.5,BROKEN_TOOTH
148.7,0.4849,0.2564,0.0,35.0,0.5,BROKEN_TOOTH
148.8,0.2926,0.1189,0.0,35.0,0.5,BROKEN_TOOTH
148.9,0.3002,0.1678,0.0,35.0,0.5,BROKEN_TOOTH
149.0,0.3615,0.1655,5.0,35.0,0.5,BROKEN_TOOTH
149.1,0.4779,0.4115,5.0,35.0,0.5,BROKEN_TOOTH
149.2,0.5922,0.6173,5.0,35.0,0.5,BROKEN_TOOTH
149.3,0.7092,0.7876,5.0,35.0,0.5,BROKEN_TOOTH
149.4,0.6258,0.7632,5.0,35.0,0.5,BROKEN_TOOTH
149.5,0.5101,0.5489,5.0,35.0,0.5,BROKEN_TOOTH
149.6,0.496,0.3271,0.0,35.0,0.5,BROKEN_TOOTH
149.7,0.3638,0.1625,0.0,35.0,0.5,BROKEN_TOOTH
149.8,0.3055,0.1507,0.0,35.0,0.5,BROKEN_TOOTH
149.9,0.4537,0.2487,0.0,35.0,0.5,BROKEN_TOOTH
150.0,0.4866,0.4979,0.0,35.0,0.5,BROKEN_TOOTH
150.1,0.6954,0.691,0.0,35.0,0.5,BROKEN_TOOTH
150.2,0.7056,0.8071,0.0,35.0,0.5,BROKEN_TOOTH
150.3,0.6192,0.8074,0.0,35.0,0.5,BROKEN_TOOTH
150.4,0.6547,0.6821,0.0,35.0,0.5,BROKEN_TOOTH
150.5,0.4729,0.394,0.0,35.0,0.5,BROKEN_TOOTH
150.6,0.3131,0.294,0.0,35.0,0.5,BROKEN_TOOTH
150.7,0.335,0.1984,0.0,35.0,0.5,BROKEN_TOOTH
150.8,0.3505,0.3914,0.0,35.0,0.5,BROKEN_TOOTH
150.9,0.5417,0.5881,0.0,35.0,0.5,BROKEN_TOOTH
151.0,0.5053,0.7811,0.0,35.0,0.5,BROKEN_TOOTH
151.1,0.6332,0.8333,0.0,35.0,0.5,BROKEN_TOOTH
151.2,0.6978,0.7516,0.0,35.0,0.5,BROKEN_TOOTH
151.3,0.5218,0.5532,0.0,35.0,0.5,BROKEN_TOOTH
151.4,0.404,0.4199,0.0,35.0,0.5,BROKEN_TOOTH
151.5,0.2247,0.3565,0.0,35.0,0.5,BROKEN_TOOTH
151.6,0.3687,0.2513,0.0,35.0,0.5,BROKEN_TOOTH
151.7,0.4115,0.4305,0.0,35.0,0.5,BROKEN_TOOTH
151.8,0.4714,0.6387,0.0,35.0,0.5,BROKEN_TOOTH
151.9,0.5808,0.7733,5.0,35.0,0.5,BROKEN_TOOTH
152.0,0.7035,0.9415,5.0,35.0,0.5,BROKEN_TOOTH
152.1,0.7071,0.6761,5.0,35.0,0.5,BROKEN_TOOTH
152.2,0.5352,0.5921,5.0,35.0,0.5,BROKEN_TOOTH
152.3,0.4541,0.407,5.0,35.0,0.5,BROKEN_TOOTH
152.4,0.2008,0.2769,5.0,35.0,0.5,BROKEN_TOOTH
152.5,0.1951,0.3316,0.0,35.0,0.5,BROKEN_TOOTH
152.6,0.256,0.4617,0.0,35.0,0.5,BROKEN_TOOTH
152.7,0.4666,0.6741,0.0,35.0,0.5,BROKEN_TOOTH
152.8,0.5678,0.8699,0.0,35.0,0.5,BROKEN_TOOTH
152.9,0.5941,0.8708,0.0,35.0,0.5,BROKEN_TOOTH
153.0,0.5896,0.793,0.0,35.0,0.5,BROKEN_TOOTH
153.1,0.4849,0.6995,0.0,35.0,0.5,BROKEN_TOOTH
153.2,0.2042,0.4489,0.0,35.0,0.5,BROKEN_TOOTH
153.3,0.1556,0.2744,0.0,35.0,0.5,BROKEN_TOOTH
153.4,0.2208,0.4083,0.0,35.0,0.5,BROKEN_TOOTH
153.5,0.2393,0.5695,0.0,35.0,0.5,BROKEN_TOOTH
153.6,0.3514,0.7862,0.0,35.0,0.5,BROKEN_TOOTH
153.7,0.5516,0.8977,0.0,35.0,0.5,BROKEN_TOOTH
153.8,0.4707,0.9876,0.0,35.0,0.5,BROKEN_TOOTH
153.9,0.4595,0.9503,0.0,35.0,0.5,BROKEN_TOOTH
154.0,0.3602,0.67,0.0,35.0,0.5,BROKEN_TOOTH
154.1,0.1722,0.56,0.0,35.0,0.5,BROKEN_TOOTH
154.2,0.1489,0.3984,0.0,35.0,0.5,BROKEN_TOOTH
154.3,0.0811,0.4471,0.0,35.0,0.5,BROKEN_TOOTH
154.4,0.2666,0.5579,0.0,35.0,0.5,BROKEN_TOOTH
154.5,0.318,0.8228,0.0,35.0,0.5,BROKEN_TOOTH
154.6,0.4621,0.9431,0.0,35.0,0.5,BROKEN_TOOTH
154.7,0.4924,0.9153,0.0,35.0,0.5,BROKEN_TOOTH
154.8,0.3555,0.9775,5.0,35.0,0.5,BROKEN_TOOTH
154.9,0.1491,0.6728,5.0,35.0,0.5,BROKEN_TOOTH
155.0,0.1275,0.5874,5.0,35.0,0.5,BROKEN_TOOTH
155.1,0.0264,0.4084,5.0,35.0,0.5,BROKEN_TOOTH
155.2,0.0562,0.4984,5.0,35.0,0.5,BROKEN_TOOTH
155.3,0.1075,0.6503,0.0,35.0,0.5,BROKEN_TOOTH
155.4,0.2249,0.8248,0.0,35.0,0.5,BROKEN_TOOTH
155.5,0.446,0.996,0.0,35.0,0.5,BROKEN_TOOTH
155.6,0.2909,1.0387,0.0,35.0,0.5,BROKEN_TOOTH
155.7,0.3259,0.8225,0.0,35.0,0.5,BROKEN_TOOTH
155.8,0.1218,0.7399,0.0,35.0,0.5,BROKEN_TOOTH
155.9,-0.0074,0.4852,0.0,35.0,0.5,BROKEN_TOOTH
156.0,-0.088,0.4461,0.0,35.0,0.5,BROKEN_TOOTH
156.1,-0.1005,0.4168,0.0,35.0,0.5,BROKEN_TOOTH
156.2,0.0626,0.5751,0.0,35.0,0.5,BROKEN_TOOTH
156.3,0.2306,0.9241,0.0,35.0,0.5,BROKEN_TOOTH
156.4,0.2789,1.0576,0.0,35.0,0.5,BROKEN_TOOTH
156.5,0.2721,1.0401,0.0,35.0,0.5,BROKEN_TOOTH
156.6,0.1358,0.9457,0.0,35.0,0.5,BROKEN_TOOTH
156.7,0.0694,0.7307,0.0,35.0,0.5,BROKEN_TOOTH
156.8,0.0123,0.5817,0.0,35.0,0.5,BROKEN_TOOTH
156.9,-0.1904,0.4244,0.0,35.0,0.5,BROKEN_TOOTH
157.0,-0.172,0.5541,0.0,35.0,0.5,BROKEN_TOOTH
157.1,-0.0828,0.6581,0.0,35.0,0.5,BROKEN_TOOTH
157.2,0.0475,0.8585,0.0,35.0,0.5,BROKEN_TOOTH
157.3,0.0242,1.0334,0.0,35.0,0.5,BROKEN_TOOTH
157.4,0.1863,1.0282,0.0,35.0,0.5,BROKEN_TOOTH
157.5,0.036,0.961,0.0,35.0,0.5,BROKEN_TOOTH
157.6,-0.1458,0.7207,5.0,35.0,0.5,BROKEN_TOOTH
157.7,-0.164,0.5847,5.0,35.0,0.5,BROKEN_TOOTH
157.8,-0.3253,0.5358,5.0,35.0,0.5,BROKEN_TOOTH
157.9,-0.2631,0.4947,5.0,35.0,0.5,BROKEN_TOOTH
158.0,-0.0701,0.6962,5.0,35.0,0.5,BROKEN_TOOTH
158.1,-0.0875,0.9331,5.0,35.0,0.5,BROKEN_TOOTH
158.2,-0.0088,1.0333,0.0,35.0,0.5,BROKEN_TOOTH
158.3,0.0793,1.0928,0.0,35.0,0.5,BROKEN_TOOTH
158.4,0.0303,0.9752,0.0,35.0,0.5,BROKEN_TOOTH
158.5,-0.2508,0.8014,0.0,35.0,0.5,BROKEN_TOOTH
158.6,-0.2846,0.5347,0.0,35.0,0.5,BROKEN_TOOTH
158.7,-0.3387,0.4405,0.0,35.0,0.5,BROKEN_TOOTH
158.8,-0.4384,0.5374,0.0,35.0,0.5,BROKEN_TOOTH
158.9,-0.1885,0.6815,0.0,35.0,0.5,BROKEN_TOOTH
159.0,-0.0584,0.9637,0.0,35.0,0.5,BROKEN_TOOTH
159.1,-0.0373,1.0142,0.0,35.0,0.5,BROKEN_TOOTH
159.2,0.0327,1.1925,0.0,35.0,0.5,BROKEN_TOOTH
159.3,-0.0708,1.0097,0.0,35.0,0.5,BROKEN_TOOTH
159.4,-0.268,0.7428,0.0,35.0,0.5,BROKEN_TOOTH
159.5,-0.4244,0.6077,0.0,35.0,0.5,BROKEN_TOOTH
159.6,-0.5058,0.4143,0.0,35.0,0.5,BROKEN_TOOTH
159.7,-0.4193,0.6967,0.0,35.0,0.5,BROKEN_TOOTH
159.8,-0.2774,0.7228,0.0,35.0,0.5,BROKEN_TOOTH
159.9,-0.1961,0.9495,0.0,35.0,0.5,BROKEN_TOOTH
160.0,-0.2136,0.9909,0.0,35.0,0.5,BROKEN_TOOTH
160.1,-0.0543,1.1007,0.0,35.0,0.5,BROKEN_TOOTH
160.2,-0.21,0.8817,0.0,35.0,0.5,BROKEN_TOOTH
160.3,-0.3838,0.7373,0.0,35.0,0.5,BROKEN_TOOTH
160.4,-0.4457,0.532,0.0,35.0,0.5,BROKEN_TOOTH
160.5,-0.4599,0.4466,5.0,35.0,0.5,BROKEN_TOOTH
160.6,-0.6287,0.5436,5.0,35.0,0.5,BROKEN_TOOTH
160.7,-0.3508,0.7812,5.0,35.0,0.5,BROKEN_TOOTH
160.8,-0.318,0.9061,5.0,35.0,0.5,BROKEN_TOOTH
160.9,-0.1497,1.0521,5.0,35.0,0.5,BROKEN_TOOTH
161.0,-0.1877,1.1044,5.0,35.0,0.5,BROKEN_TOOTH
161.1,-0.2676,1.054,0.0,35.0,0.5,BROKEN_TOOTH
161.2,-0.4688,0.7413,0.0,35.0,0.5,BROKEN_TOOTH
161.3,-0.6558,0.5039,0.0,35.0,0.5,BROKEN_TOOTH
161.4,-0.6239,0.4821,0.0,35.0,0.5,BROKEN_TOOTH
161.5,-0.5256,0.5943,0.0,35.0,0.5,BROKEN_TOOTH
161.6,-0.3746,0.765,0.0,35.0,0.5,BROKEN_TOOTH
161.7,-0.3583,1.0245,0.0,35.0,0.5,BROKEN_TOOTH
161.8,-0.1803,1.1004,0.0,35.0,0.5,BROKEN_TOOTH
161.9,-0.2887,1.1057,0.0,35.0,0.5,BROKEN_TOOTH
162.0,-0.3464,0.8896,0.0,35.0,0.5,BROKEN_TOOTH
162.1,-0.533,0.7641,0.0,35.0,0.5,BROKEN_TOOTH
162.2,-0.6107,0.5276,0.0,35.0,0.5,BROKEN_TOOTH
162.3,-0.6058,0.4477,0.0,35.0,0.5,BROKEN_TOOTH
162.4,-0.6484,0.706,0.0,35.0,0.5,BROKEN_TOOTH
162.5,-0.4959,0.6989,0.0,35.0,0.5,BROKEN_TOOTH
162.6,-0.3274,0.9462,0.0,35.0,0.5,BROKEN_TOOTH
162.7,-0.1525,1.0525,0.0,35.0,0.5,BROKEN_TOOTH
162.8,-0.3452,1.1692,0.0,35.0,0.5,BROKEN_TOOTH
162.9,-0.3108,0.9719,0.0,35.0,0.5,BROKEN_TOOTH
163.0,-0.4536,0.7481,0.0,35.0,0.5,BROKEN_TOOTH
163.1,-0.6644,0.5012,0.0,35.0,0.5,BROKEN_TOOTH
163.2,-0.6962,0.6091,0.0,35.0,0.5,BROKEN_TOOTH
163.3,-0.6445,0.6154,5.0,35.0,0.5,BROKEN_TOOTH
163.4,-0.4839,0.8417,5.0,35.0,0.5,BROKEN_TOOTH
163.5,-0.426,0.9905,5.0,35.0,0.5,BROKEN_TOOTH
163.6,-0.2994,1.07,5.0,35.0,0.5,BROKEN_TOOTH
163.7,-0.2549,1.0092,5.0,35.0,0.5,BROKEN_TOOTH
163.8,-0.4731,0.8421,5.0,35.0,0.5,BROKEN_TOOTH
163.9,-0.5931,0.6749,0.0,35.0,0.5,BROKEN_TOOTH
164.0,-0.765,0.5137,0.0,35.0,0.5,BROKEN_TOOTH
164.1,-0.674,0.4736,0.0,35.0,0.5,BROKEN_TOOTH
164.2,-0.6001,0.668,0.0,35.0,0.5,BROKEN_TOOTH
164.3,-0.4767,0.6423,0.0,35.0,0.5,BROKEN_TOOTH
164.4,-0.3666,0.9999,0.0,35.0,0.5,BROKEN_TOOTH
164.5,-0.3145,1.0913,0.0,35.0,0.5,BROKEN_TOOTH
164.6,-0.3134,1.0515,0.0,35.0,0.5,BROKEN_TOOTH
164.7,-0.4545,0.8154,0.0,35.0,0.5,BROKEN_TOOTH
164.8,-0.573,0.6214,0.0,35.0,0.5,BROKEN_TOOTH
164.9,-0.6697,0.5182,0.0,35.0,0.5,BROKEN_TOOTH
165.0,-0.6279,0.5331,0.0,35.0,0.5,BROKEN_TOOTH
165.1,-0.5632,0.5686,0.0,35.0,0.5,BROKEN_TOOTH
165.2,-0.4502,0.7969,0.0,35.0,0.5,BROKEN_TOOTH
165.3,-0.2608,1.046,0.0,35.0,0.5,BROKEN_TOOTH
165.4,-0.2641,0.9268,0.0,35.0,0.5,BROKEN_TOOTH
165.5,-0.2629,0.9268,0.0,35.0,0.5,BROKEN_TOOTH
165.6,-0.4139,0.853,0.0,35.0,0.5,BROKEN_TOOTH
165.7,-0.6688,0.6278,0.0,35.0,0.5,BROKEN_TOOTH
165.8,-0.5959,0.4645,0.0,35.0,0.5,BROKEN_TOOTH
165.9,-0.6489,0.4155,0.0,35.0,0.5,BROKEN_TOOTH
166.0,-0.5638,0.5265,0.0,35.0,0.5,BROKEN_TOOTH
166.1,-0.4067,0.7422,0.0,35.0,0.5,BROKEN_TOOTH
166.2,-0.3163,1.0219,5.0,35.0,0.5,BROKEN_TOOTH
166.3,-0.2405,0.9737,5.0,35.0,0.5,BROKEN_TOOTH
166.4,-0.329,0.9283,5.0,35.0,0.5,BROKEN_TOOTH
166.5,-0.3531,0.6985,5.0,35.0,0.5,BROKEN_TOOTH
166.6,-0.5516,0.5734,5.0,35.0,0.5,BROKEN_TOOTH
166.7,-0.642,0.3772,5.0,35.0,0.5,BROKEN_TOOTH
166.8,-0.6548,0.4086,0.0,35.0,0.5,BROKEN_TOOTH
166.9,-0.4936,0.4692,0.0,35.0,0.5,BROKEN_TOOTH
167.0,-0.3544,0.6747,0.0,35.0,0.5,BROKEN_TOOTH
167.1,-0.2246,0.9224,0.0,35.0,0.5,BROKEN_TOOTH
167.2,-0.2529,0.9059,0.0,35.0,0.5,BROKEN_TOOTH
167.3,-0.3336,0.9855,0.0,35.0,0.5,BROKEN_TOOTH
167.4,-0.3409,0.5851,0.0,35.0,0.5,BROKEN_TOOTH
167.5,-0.4235,0.4453,0.0,35.0,0.5,BROKEN_TOOTH
167.6,-0.6186,0.367,0.0,35.0,0.5,BROKEN_TOOTH
167.7,-0.4649,0.3672,0.0,35.0,0.5,BROKEN_TOOTH
167.8,-0.422,0.4769,0.0,35.0,0.5,BROKEN_TOOTH
167.9,-0.2912,0.6867,0.0,35.0,0.5,BROKEN_TOOTH
168.0,-0.1933,0.845,0.0,35.0,0.5,BROKEN_TOOTH
168.1,-0.2053,0.9198,0.0,35.0,0.5,BROKEN_TOOTH
168.2,-0.1433,0.9301,0.0,35.0,0.5,BROKEN_TOOTH
168.3,-0.3513,0.6398,0.0,35.0,0.5,BROKEN_TOOTH
168.4,-0.4735,0.4949,0.0,35.0,0.5,BROKEN_TOOTH
168.5,-0.4471,0.3503,0.0,35.0,0.5,BROKEN_TOOTH
168.6,-0.5595,0.4098,0.0,35.0,0.5,BROKEN_TOOTH
168.7,-0.4274,0.3672,0.0,35.0,0.5,BROKEN_TOOTH
168.8,-0.2052,0.6942,0.0,35.0,0.5,BROKEN_TOOTH
168.9,-0.0752,0.9278,0.0,35.0,0.5,BROKEN_TOOTH
169.0,-0.0338,0.8629,5.0,35.0,0.5,BROKEN_TOOTH
169.1,-0.1345,0.8685,5.0,35.0,0.5,BROKEN_TOOTH
169.2,-0.1139,0.6539,5.0,35.0,0.5,BROKEN_TOOTH
169.3,-0.3702,0.3592,5.0,35.0,0.5,BROKEN_TOOTH
169.4,-0.4254,0.2553,5.0,35.0,0.5,BROKEN_TOOTH
169.5,-0.4145,0.2688,5.0,35.0,0.5,BROKEN_TOOTH
169.6,-0.2489,0.4472,0.0,35.0,0.5,BROKEN_TOOTH
169.7,-0.0765,0.6186,0.0,35.0,0.5,BROKEN_TOOTH
169.8,0.0637,0.8474,0.0,35.0,0.5,BROKEN_TOOTH
169.9,-0.0451,0.7714,0.0,35.0,0.5,BROKEN_TOOTH
170.0,-0.0493,0.7542,0.0,35.0,0.5,BROKEN_TOOTH
170.1,-0.1367,0.5513,0.0,35.0,0.5,BROKEN_TOOTH
170.2,-0.2446,0.2434,0.0,35.0,0.5,BROKEN_TOOTH
170.3,-0.3217,0.3107,0.0,35.0,0.5,BROKEN_TOOTH
170.4,-0.2483,0.3076,0.0,35.0,0.5,BROKEN_TOOTH
170.5,-0.1916,0.4843,0.0,35.0,0.5,BROKEN_TOOTH
170.6,0.0747,0.6093,0.0,35.0,0.5,BROKEN_TOOTH
170.7,0.1529,0.8164,0.0,35.0,0.5,BROKEN_TOOTH
170.8,0.0556,0.8492,0.0,35.0,0.5,BROKEN_TOOTH
170.9,-0.0025,0.6588,0.0,35.0,0.5,BROKEN_TOOTH
171.0,2.3755,3.7568,0.0,35.0,0.5,BROKEN_TOOTH
171.1,2.0495,3.0846,0.0,35.0,0.5,BROKEN_TOOTH
171.2,1.6453,2.7166,0.0,35.0,0.5,BROKEN_TOOTH
171.3,1.5138,2.4346,0.0,35.0,0.5,BROKEN_TOOTH
171.4,1.4767,2.3574,0.0,35.0,0.5,BROKEN_TOOTH
171.5,1.4178,2.2127,0.0,35.0,0.5,BROKEN_TOOTH
171.6,1.3771,2.242,0.0,35.0,0.5,BROKEN_TOOTH
171.7,1.1842,2.0052,0.0,35.0,0.5,BROKEN_TOOTH
171.8,1.0677,1.705,0.0,35.0,0.5,BROKEN_TOOTH
171.9,0.7746,1.487,5.0,35.0,0.5,BROKEN_TOOTH
172.0,0.586,1.0832,5.0,35.0,0.5,BROKEN_TOOTH
172.1,0.4957,0.8621,5.0,35.0,0.5,BROKEN_TOOTH
172.2,0.4755,0.8681,5.0,35.0,0.5,BROKEN_TOOTH
172.3,0.5386,0.9136,5.0,35.0,0.5,BROKEN_TOOTH
172.4,0.5889,1.1742,5.0,35.0,0.5,BROKEN_TOOTH
172.5,0.6573,1.1255,0.0,35.0,0.5,BROKEN_TOOTH
172.6,0.6339,1.1166,0.0,35.0,0.5,BROKEN_TOOTH
172.7,0.4439,0.9627,0.0,35.0,0.5,BROKEN_TOOTH
172.8,0.3293,0.615,0.0,35.0,0.5,BROKEN_TOOTH
172.9,0.2369,0.4489,0.0,35.0,0.5,BROKEN_TOOTH
173.0,0.0984,0.272,0.0,35.0,0.5,BROKEN_TOOTH
173.1,0.2628,0.4933,0.0,35.0,0.5,BROKEN_TOOTH
173.2,0.3822,0.5714,0.0,35.0,0.5,BROKEN_TOOTH
173.3,0.3822,0.6861,0.0,35.0,0.5,BROKEN_TOOTH
173.4,0.5863,0.75,0.0,35.0,0.5,BROKEN_TOOTH
173.5,0.4951,0.7407,0.0,35.0,0.5,BROKEN_TOOTH
173.6,0.4228,0.5603,0.0,35.0,0.5,BROKEN_TOOTH
173.7,0.2385,0.4486,0.0,35.0,0.5,BROKEN_TOOTH
173.8,0.1981,0.1039,0.0,35.0,0.5,BROKEN_TOOTH
173.9,0.1409,0.1059,0.0,35.0,0.5,BROKEN_TOOTH
174.0,0.1437,0.1752,0.0,35.0,0.5,BROKEN_TOOTH
174.1,0.2558,0.3458,0.0,35.0,0.5,BROKEN_TOOTH
174.2,0.3761,0.5299,0.0,35.0,0.5,BROKEN_TOOTH
174.3,0.5364,0.6275,0.0,35.0,0.5,BROKEN_TOOTH
174.4,0.541,0.6363,0.0,35.0,0.5,BROKEN_TOOTH
174.5,0.4469,0.4573,0.0,35.0,0.5,BROKEN_TOOTH
174.6,0.2758,0.2302,0.0,35.0,0.5,BROKEN_TOOTH
174.7,0.1219,-0.1139,0.0,35.0,0.5,BROKEN_TOOTH
174.8,0.1254,0.0041,5.0,35.0,0.5,BROKEN_TOOTH
174.9,0.2907,-0.0014,5.0,35.0,0.5,BROKEN_TOOTH
175.0,0.3293,0.2795,5.0,35.0,0.5,BROKEN_TOOTH
175.1,0.4978,0.5084,5.0,35.0,0.5,BROKEN_TOOTH
175.2,0.5123,0.4835,5.0,35.0,0.5,BROKEN_TOOTH
175.3,0.5644,0.4712,0.0,35.0,0.5,BROKEN_TOOTH
175.4,0.4246,0.2866,0.0,35.0,0.5,BROKEN_TOOTH
175.5,0.3689,0.1649,0.0,35.0,0.5,BROKEN_TOOTH
175.6,0.2592,-0.0532,0.0,35.0,0.5,BROKEN_TOOTH
175.7,0.1833,-0.0068,0.0,35.0,0.5,BROKEN_TOOTH
175.8,0.2821,0.0314,0.0,35.0,0.5,BROKEN_TOOTH
175.9,0.3987,0.2135,0.0,35.0,0.5,BROKEN_TOOTH
176.0,0.4881,0.3882,0.0,35.0,0.5,BROKEN_TOOTH
176.1,0.5838,0.5115,0.0,35.0,0.5,BROKEN_TOOTH
176.2,0.6096,0.328,0.0,35.0,0.5,BROKEN_TOOTH
176.3,0.5098,0.2449,0.0,35.0,0.5,BROKEN_TOOTH
176.4,0.3686,0.0241,0.0,35.0,0.5,BROKEN_TOOTH
176.5,0.253,-0.0902,0.0,35.0,0.5,BROKEN_TOOTH
176.6,0.3073,-0.161,0.0,35.0,0.5,BROKEN_TOOTH
176.7,0.348,-0.091,0.0,35.0,0.5,BROKEN_TOOTH
176.8,0.5178,0.1546,0.0,35.0,0.5,BROKEN_TOOTH
176.9,0.522,0.2791,0.0,35.0,0.5,BROKEN_TOOTH
177.0,0.4739,0.3134,0.0,35.0,0.5,BROKEN_TOOTH
177.1,0.6486,0.3801,0.0,35.0,0.5,BROKEN_TOOTH
177.2,0.451,0.1925,0.0,35.0,0.5,BROKEN_TOOTH
177.3,0.378,-0.0252,0.0,35.0,0.5,BROKEN_TOOTH
177.4,0.2834,-0.1301,0.0,35.0,0.5,BROKEN_TOOTH
177.5,0.3753,-0.2433,0.0,35.0,0.5,BROKEN_TOOTH
177.6,0.4036,-0.1608,5.0,35.0,0.5,BROKEN_TOOTH
177.7,0.5292,0.1028,5.0,35.0,0.5,BROKEN_TOOTH
177.8,0.6855,0.2631,5.0,35.0,0.5,BROKEN_TOOTH
177.9,0.713,0.3051,5.0,35.0,0.5,BROKEN_TOOTH
178.0,0.6273,0.2674,5.0,35.0,0.5,BROKEN_TOOTH
178.1,0.5859,0.0551,5.0,35.0,0.5,BROKEN_TOOTH
178.2,0.3421,-0.2168,0.0,35.0,0.5,BROKEN_TOOTH
178.3,0.3267,-0.2859,0.0,35.0,0.5,BROKEN_TOOTH
178.4,0.2354,-0.3251,0.0,35.0,0.5,BROKEN_TOOTH
178.5,0.4138,-0.1279,0.0,35.0,0.5,BROKEN_TOOTH
178.6,0.5496,0.0251,0.0,35.0,0.5,BROKEN_TOOTH
178.7,0.7409,0.2824,0.0,35.0,0.5,BROKEN_TOOTH
178.8,0.621,0.3639,0.0,35.0,0.5,BROKEN_TOOTH
178.9,0.6162,0.2321,0.0,35.0,0.5,BROKEN_TOOTH
179.0,0.564,-0.0701,0.0,35.0,0.5,BROKEN_TOOTH
179.1,0.4041,-0.1258,0.0,35.0,0.5,BROKEN_TOOTH
179.2,0.3125,-0.253,0.0,35.0,0.5,BROKEN_TOOTH
179.3,0.2627,-0.3249,0.0,35.0,0.5,BROKEN_TOOTH
179.4,0.3748,-0.1232,0.0,35.0,0.5,BROKEN_TOOTH
179.5,0.6016,-0.0182,0.0,35.0,0.5,BROKEN_TOOTH
179.6,0.648,0.0793,0.0,35.0,0.5,BROKEN_TOOTH
179.7,0.7027,0.1815,0.0,35.0,0.5,BROKEN_TOOTH
179.8,0.6166,0.211,0.0,35.0,0.5,BROKEN_TOOTH
179.9,0.4347,-0.1452,0.0,35.0,0.5,BROKEN_TOOTH
180.0,0.4047,-0.2766,0.0,35.0,0.5,BROKEN_TOOTH
180.1,0.3029,-0.397,0.0,35.0,0.5,BROKEN_TOOTH
180.2,0.4048,-0.408,0.0,35.0,0.5,BROKEN_TOOTH
180.3,0.3353,-0.2608,0.0,35.0,0.5,BROKEN_TOOTH
180.4,0.5607,-0.0354,0.0,35.0,0.5,BROKEN_TOOTH
180.5,0.559,0.0901,5.0,35.0,0.5,BROKEN_TOOTH
180.6,0.657,0.084,5.0,35.0,0.5,BROKEN_TOOTH
180.7,0.6282,0.0616,5.0,35.0,0.5,BROKEN_TOOTH
180.8,0.3426,-0.0946,5.0,35.0,0.5,BROKEN_TOOTH
180.9,0.3001,-0.3076,5.0,35.0,0.5,BROKEN_TOOTH
181.0,0.2058,-0.5048,5.0,35.0,0.5,BROKEN_TOOTH
181.1,0.2155,-0.5001,0.0,35.0,0.5,BROKEN_TOOTH
181.2,0.3691,-0.3009,0.0,35.0,0.5,BROKEN_TOOTH
181.3,0.5376,-0.0084,0.0,35.0,0.5,BROKEN_TOOTH
181.4,0.5737,0.0963,0.0,35.0,0.5,BROKEN_TOOTH
181.5,0.6066,0.1261,0.0,35.0,0.5,BROKEN_TOOTH
181.6,0.5244,0.0222,0.0,35.0,0.5,BROKEN_TOOTH
181.7,0.3813,-0.2039,0.0,35.0,0.5,BROKEN_TOOTH
181.8,0.1915,-0.4179,0.0,35.0,0.5,BROKEN_TOOTH
181.9,0.2293,-0.4949,0.0,35.0,0.5,BROKEN_TOOTH
182.0,0.2104,-0.5182,0.0,35.0,0.5,BROKEN_TOOTH
182.1,0.3172,-0.4042,0.0,35.0,0.5,BROKEN_TOOTH
182.2,0.387,-0.0975,0.0,35.0,0.5,BROKEN_TOOTH
182.3,0.4969,0.0723,0.0,35.0,0.5,BROKEN_TOOTH
182.4,0.5185,-0.0288,0.0,35.0,0.5,BROKEN_TOOTH
182.5,0.3656,-0.0536,0.0,35.0,0.5,BROKEN_TOOTH
182.6,0.2168,-0.2162,0.0,35.0,0.5,BROKEN_TOOTH
182.7,0.1371,-0.4951,0.0,35.0,0.5,BROKEN_TOOTH
182.8,0.1259,-0.6305,0.0,35.0,0.5,BROKEN_TOOTH
182.9,0.0941,-0.5361,0.0,35.0,0.5,BROKEN_TOOTH
183.0,0.1804,-0.406,0.0,35.0,0.5,BROKEN_TOOTH
183.1,0.3186,-0.21,0.0,35.0,0.5,BROKEN_TOOTH
183.2,0.4229,-0.0206,0.0,35.0,0.5,BROKEN_TOOTH
183.3,0.4272,-0.1159,5.0,35.0,0.5,BROKEN_TOOTH
183.4,0.4612,-0.2379,5.0,35.0,0.5,BROKEN_TOOTH
183.5,0.2616,-0.3727,5.0,35.0,0.5,BROKEN_TOOTH
183.6,0.1279,-0.5648,5.0,35.0,0.5,BROKEN_TOOTH
183.7,0.0729,-0.6314,5.0,35.0,0.5,BROKEN_TOOTH
183.8,-0.0029,-0.4972,5.0,35.0,0.5,BROKEN_TOOTH
183.9,0.0932,-0.4161,0.0,35.0,0.5,BROKEN_TOOTH
184.0,0.2251,-0.1932,0.0,35.0,0.5,BROKEN_TOOTH
184.1,0.4274,-0.1424,0.0,35.0,0.5,BROKEN_TOOTH
184.2,0.3247,-0.0588,0.0,35.0,0.5,BROKEN_TOOTH
184.3,0.1912,-0.2615,0.0,35.0,0.5,BROKEN_TOOTH
184.4,0.086,-0.4414,0.0,35.0,0.5,BROKEN_TOOTH
184.5,-0.0341,-0.6351,0.0,35.0,0.5,BROKEN_TOOTH
184.6,-0.0653,-0.653,0.0,35.0,0.5,BROKEN_TOOTH
184.7,-0.0277,-0.7025,0.0,35.0,0.5,BROKEN_TOOTH
184.8,0.0284,-0.5759,0.0,35.0,0.5,BROKEN_TOOTH
184.9,0.2284,-0.2758,0.0,35.0,0.5,BROKEN_TOOTH
185.0,0.2365,-0.1199,0.0,35.0,0.5,BROKEN_TOOTH
185.1,0.2445,-0.1494,0.0,35.0,0.5,BROKEN_TOOTH
185.2,0.1827,-0.241,0.0,35.0,0.5,BROKEN_TOOTH
185.3,-0.0315,-0.4917,0.0,35.0,0.5,BROKEN_TOOTH
185.4,-0.1543,-0.7208,0.0,35.0,0.5,BROKEN_TOOTH
185.5,-0.1465,-0.8736,0.0,35.0,0.5,BROKEN_TOOTH
185.6,-0.1744,-0.6917,0.0,35.0,0.5,BROKEN_TOOTH
185.7,-0.0377,-0.4481,0.0,35.0,0.5,BROKEN_TOOTH
185.8,0.1318,-0.3245,0.0,35.0,0.5,BROKEN_TOOTH
185.9,0.2754,-0.1897,0.0,35.0,0.5,BROKEN_TOOTH
186.0,0.1798,-0.1938,0.0,35.0,0.5,BROKEN_TOOTH
186.1,0.0641,-0.4184,0.0,35.0,0.5,BROKEN_TOOTH
186.2,-0.0814,-0.5482,5.0,35.0,0.5,BROKEN_TOOTH
186.3,-0.284,-0.6703,5.0,35.0,0.5,BROKEN_TOOTH
186.4,-0.2681,-0.8151,5.0,35.0,0.5,BROKEN_TOOTH
186.5,-0.2244,-0.7756,5.0,35.0,0.5,BROKEN_TOOTH
186.6,-0.0907,-0.5376,5.0,35.0,0.5,BROKEN_TOOTH
186.7,0.0199,-0.4534,5.0,35.0,0.5,BROKEN_TOOTH
186.8,0.0962,-0.2198,0.0,35.0,0.5,BROKEN_TOOTH
186.9,0.032,-0.2478,0.0,35.0,0.5,BROKEN_TOOTH
187.0,-0.0629,-0.346,0.0,35.0,0.5,BROKEN_TOOTH
187.1,-0.2756,-0.6514,0.0,35.0,0.5,BROKEN_TOOTH
187.2,-0.348,-0.7874,0.0,35.0,0.5,BROKEN_TOOTH
187.3,-0.2986,-0.8947,0.0,35.0,0.5,BROKEN_TOOTH
187.4,-0.2946,-0.7726,0.0,35.0,0.5,BROKEN_TOOTH
187.5,-0.1924,-0.6419,0.0,35.0,0.5,BROKEN_TOOTH
187.6,0.0228,-0.3863,0.0,35.0,0.5,BROKEN_TOOTH
187.7,-0.0822,-0.2948,0.0,35.0,0.5,BROKEN_TOOTH
187.8,-0.1053,-0.3082,0.0,35.0,0.5,BROKEN_TOOTH
187.9,-0.0814,-0.5201,0.0,35.0,0.5,BROKEN_TOOTH
188.0,-0.3122,-0.6963,0.0,35.0,0.5,BROKEN_TOOTH
188.1,-0.439,-0.8761,0.0,35.0,0.5,BROKEN_TOOTH
188.2,-0.5153,-0.9092,0.0,35.0,0.5,BROKEN_TOOTH
188.3,-0.3684,-0.7824,0.0,35.0,0.5,BROKEN_TOOTH
188.4,-0.2412,-0.5916,0.0,35.0,0.5,BROKEN_TOOTH
188.5,-0.2053,-0.3698,0.0,35.0,0.5,BROKEN_TOOTH
188.6,-0.1047,-0.3256,0.0,35.0,0.5,BROKEN_TOOTH
188.7,-0.1559,-0.3905,0.0,35.0,0.5,BROKEN_TOOTH
188.8,-0.2465,-0.5537,0.0,35.0,0.5,BROKEN_TOOTH
188.9,-0.4612,-0.7909,0.0,35.0,0.5,BROKEN_TOOTH
189.0,-0.449,-0.9246,5.0,35.0,0.5,BROKEN_TOOTH
189.1,-0.4861,-0.8275,5.0,35.0,0.5,BROKEN_TOOTH
189.2,-0.4784,-0.8595,5.0,35.0,0.5,BROKEN_TOOTH
189.3,-0.3454,-0.6316,5.0,35.0,0.5,BROKEN_TOOTH
189.4,-0.2251,-0.4552,5.0,35.0,0.5,BROKEN_TOOTH
189.5,-0.2091,-0.3689,5.0,35.0,0.5,BROKEN_TOOTH
189.6,-0.239,-0.4361,0.0,35.0,0.5,BROKEN_TOOTH
189.7,-0.3529,-0.5827,0.0,35.0,0.5,BROKEN_TOOTH
189.8,-0.4025,-0.8912,0.0,35.0,0.5,BROKEN_TOOTH
189.9,-0.5356,-0.8973,0.0,35.0,0.5,BROKEN_TOOTH
190.0,-0.548,-0.9292,0.0,35.0,0.5,BROKEN_TOOTH
190.1,-0.4974,-0.8989,0.0,35.0,0.5,BROKEN_TOOTH
190.2,-0.4429,-0.7513,0.0,35.0,0.5,BROKEN_TOOTH
190.3,-0.2742,-0.5091,0.0,35.0,0.5,BROKEN_TOOTH
190.4,-0.1803,-0.4023,0.0,35.0,0.5,BROKEN_TOOTH
190.5,-0.3431,-0.3335,0.0,35.0,0.5,BROKEN_TOOTH
190.6,-0.3728,-0.6175,0.0,35.0,0.5,BROKEN_TOOTH
190.7,-0.4294,-0.942,0.0,35.0,0.5,BROKEN_TOOTH
190.8,-0.5852,-1.0213,0.0,35.0,0.5,BROKEN_TOOTH
190.9,-0.5706,-0.9902,0.0,35.0,0.5,BROKEN_TOOTH
191.0,-0.5443,-0.8424,0.0,35.0,0.5,BROKEN_TOOTH
191.1,-0.3748,-0.7195,0.0,35.0,0.5,BROKEN_TOOTH
191.2,-0.3458,-0.4877,0.0,35.0,0.5,BROKEN_TOOTH
191.3,-0.2313,-0.4561,0.0,35.0,0.5,BROKEN_TOOTH
191.4,-0.2943,-0.5569,0.0,35.0,0.5,BROKEN_TOOTH
191.5,-0.4383,-0.6754,0.0,35.0,0.5,BROKEN_TOOTH
191.6,-0.5245,-0.8541,0.0,35.0,0.5,BROKEN_TOOTH
191.7,-0.7025,-0.9773,0.0,35.0,0.5,BROKEN_TOOTH
191.8,-0.679,-0.9805,0.0,35.0,0.5,BROKEN_TOOTH
191.9,-0.5716,-0.8934,5.0,35.0,0.5,BROKEN_TOOTH
192.0,-0.4929,-0.6297,5.0,35.0,0.5,BROKEN_TOOTH
192.1,-0.3185,-0.4824,5.0,35.0,0.5,BROKEN_TOOTH
192.2,-0.3815,-0.4398,5.0,35.0,0.5,BROKEN_TOOTH
192.3,-0.3034,-0.5676,5.0,35.0,0.5,BROKEN_TOOTH
192.4,-0.4801,-0.7525,5.0,35.0,0.5,BROKEN_TOOTH
192.5,-0.6421,-0.9253,0.0,35.0,0.5,BROKEN_TOOTH
192.6,-0.7352,-0.9246,0.0,35.0,0.5,BROKEN_TOOTH
192.7,-0.6902,-1.0104,0.0,35.0,0.5,BROKEN_TOOTH
192.8,-0.5438,-0.9076,0.0,35.0,0.5,BROKEN_TOOTH
192.9,-0.4132,-0.7143,0.0,35.0,0.5,BROKEN_TOOTH
193.0,-0.3662,-0.5352,0.0,35.0,0.5,BROKEN_TOOTH
193.1,-0.3435,-0.3599,0.0,35.0,0.5,BROKEN_TOOTH
193.2,-0.3325,-0.5881,0.0,35.0,0.5,BROKEN_TOOTH
193.3,-0.5287,-0.717,0.0,35.0,0.5,BROKEN_TOOTH
193.4,-0.619,-0.9789,0.0,35.0,0.5,BROKEN_TOOTH
193.5,-0.6853,-1.0552,0.0,35.0,0.5,BROKEN_TOOTH
193.6,-0.6518,-0.9968,0.0,35.0,0.5,BROKEN_TOOTH
193.7,-0.5175,-0.9091,0.0,35.0,0.5,BROKEN_TOOTH
193.8,-0.4835,-0.7074,0.0,35.0,0.5,BROKEN_TOOTH
193.9,-0.4084,-0.4363,0.0,35.0,0.5,BROKEN_TOOTH
194.0,-0.3162,-0.4379,0.0,35.0,0.5,BROKEN_TOOTH
194.1,-0.2658,-0.5554,0.0,35.0,0.5,BROKEN_TOOTH
194.2,-0.3823,-0.7529,0.0,35.0,0.5,BROKEN_TOOTH
194.3,-0.5167,-0.9628,0.0,35.0,0.5,BROKEN_TOOTH
194.4,-0.6792,-0.9835,0.0,35.0,0.5,BROKEN_TOOTH
194.5,-0.7257,-1.0396,0.0,35.0,0.5,BROKEN_TOOTH
194.6,-0.6403,-0.8499,0.0,35.0,0.5,BROKEN_TOOTH
194.7,-0.4119,-0.7459,0.0,35.0,0.5,BROKEN_TOOTH
194.8,-0.2862,-0.5649,5.0,35.0,0.5,BROKEN_TOOTH
194.9,-0.191,-0.5613,5.0,35.0,0.5,BROKEN_TOOTH
195.0,-0.2846,-0.5537,5.0,35.0,0.5,BROKEN_TOOTH
195.1,-0.4441,-0.9448,5.0,35.0,0.5,BROKEN_TOOTH
195.2,-0.6201,-1.0262,5.0,35.0,0.5,BROKEN_TOOTH
195.3,-0.6768,-1.2446,0.0,35.0,0.5,BROKEN_TOOTH
195.4,-0.5744,-1.0832,0.0,35.0,0.5,BROKEN_TOOTH
195.5,-0.4328,-0.8965,0.0,35.0,0.5,BROKEN_TOOTH
195.6,-0.3047,-0.5975,0.0,35.0,0.5,BROKEN_TOOTH
195.7,-0.2741,-0.504,0.0,35.0,0.5,BROKEN_TOOTH
195.8,-0.1747,-0.5529,0.0,35.0,0.5,BROKEN_TOOTH
195.9,-0.2616,-0.5819,0.0,35.0,0.5,BROKEN_TOOTH
196.0,-0.4639,-0.8361,0.0,35.0,0.5,BROKEN_TOOTH
196.1,-0.5649,-1.019,0.0,35.0,0.5,BROKEN_TOOTH
196.2,-0.5363,-1.1598,0.0,35.0,0.5,BROKEN_TOOTH
196.3,-0.5324,-1.0853,0.0,35.0,0.5,BROKEN_TOOTH
196.4,-0.3163,-0.9012,0.0,35.0,0.5,BROKEN_TOOTH
196.5,-0.2265,-0.6531,0.0,35.0,0.5,BROKEN_TOOTH
196.6,-0.1774,-0.5157,0.0,35.0,0.5,BROKEN_TOOTH
196.7,-0.1437,-0.4397,0.0,35.0,0.5,BROKEN_TOOTH
196.8,-0.2196,-0.6292,0.0,35.0,0.5,BROKEN_TOOTH
196.9,-0.3865,-0.9872,0.0,35.0,0.5,BROKEN_TOOTH
197.0,-0.5062,-1.017,0.0,35.0,0.5,BROKEN_TOOTH
197.1,-0.4626,-1.1711,0.0,35.0,0.5,BROKEN_TOOTH
197.2,-0.3974,-1.0727,0.0,35.0,0.5,BROKEN_TOOTH
197.3,-0.2796,-0.8833,0.0,35.0,0.5,BROKEN_TOOTH
197.4,-0.0898,-0.6727,0.0,35.0,0.5,BROKEN_TOOTH
197.5,-0.0981,-0.5799,0.0,35.0,0.5,BROKEN_TOOTH
197.6,0.0169,-0.5081,5.0,35.0,0.5,BROKEN_TOOTH
197.7,-0.1954,-0.7277,5.0,35.0,0.5,BROKEN_TOOTH
197.8,-0.3281,-0.8436,5.0,35.0,0.5,BROKEN_TOOTH
197.9,-0.4711,-0.9219,5.0,35.0,0.5,BROKEN_TOOTH
198.0,-0.4348,-1.1582,5.0,35.0,0.5,BROKEN_TOOTH
198.1,-0.3721,-1.0217,5.0,35.0,0.5,BROKEN_TOOTH
198.2,-0.1866,-0.9466,0.0,35.0,0.5,BROKEN_TOOTH
198.3,-0.057,-0.6341,0.0,35.0,0.5,BROKEN_TOOTH
198.4,-0.0389,-0.4663,0.0,35.0,0.5,BROKEN_TOOTH
198.5,-0.0006,-0.4793,0.0,35.0,0.5,BROKEN_TOOTH
198.6,-0.0872,-0.6573,0.0,35.0,0.5,BROKEN_TOOTH
198.7,-0.2844,-0.8215,0.0,35.0,0.5,BROKEN_TOOTH
198.8,-0.3456,-0.9045,0.0,35.0,0.5,BROKEN_TOOTH
198.9,-0.357,-0.9936,0.0,35.0,0.5,BROKEN_TOOTH
199.0,-0.1743,-1.0111,0.0,35.0,0.5,BROKEN_TOOTH
199.1,-0.0988,-0.8656,0.0,35.0,0.5,BROKEN_TOOTH
199.2,0.0672,-0.6143,0.0,35.0,0.5,BROKEN_TOOTH
199.3,0.0439,-0.5288,0.0,35.0,0.5,BROKEN_TOOTH
199.4,0.1704,-0.4856,0.0,35.0,0.5,BROKEN_TOOTH
199.5,2.5838,2.4804,0.0,35.0,0.5,BROKEN_TOOTH
199.6,0.5082,0.0478,0.0,35.0,0.5,BROKEN_TOOTH
199.7,-0.0345,-0.7198,0.0,35.0,0.5,BROKEN_TOOTH
199.8,-0.1357,-0.9909,0.0,35.0,0.5,BROKEN_TOOTH
199.9,-0.0913,-0.9829,0.0,35.0,0.5,BROKEN_TOOTH
