time_sec,pressure_upstream,pressure_downstream,valve_command,system_state,leak_severity,stiction_factor
0.0,1499.28,350.62,0.0,LEAK,0.8,0.0
0.001,1507.34,353.9,0.0,LEAK,0.8,0.0
0.002,1507.71,346.84,0.0,LEAK,0.8,0.0
0.003,1503.32,352.07,0.0,LEAK,0.8,0.0
0.004,1498.59,350.58,0.0,LEAK,0.8,0.0
0.005,1504.87,347.92,0.0,LEAK,0.8,0.0
0.006,1505.9,350.27,0.0,LEAK,0.8,0.0
0.007,1502.32,350.54,0.0,LEAK,0.8,0.0
0.008,1505.69,351.19,0.0,LEAK,0.8,0.0
0.009,1503.31,351.59,0.0,LEAK,0.8,0.0
0.01,1500.45,349.73,0.0,LEAK,0.8,0.0
0.011,1495.61,348.95,0.0,LEAK,0.8,0.0
0.012,1502.27,346.79,0.0,LEAK,0.8,0.0
0.013,1502.37,348.51,0.0,LEAK,0.8,0.0
0.014,1507.28,350.03,0.0,LEAK,0.8,0.0
0.015,1504.14,349.23,0.0,LEAK,0.8,0.0
0.016,1509.88,349.08,0.0,LEAK,0.8,0.0
0.017,1505.36,351.1,0.0,LEAK,0.8,0.0
0.018,1504.2,351.08,0.0,LEAK,0.8,0.0
0.019,1510.57,348.54,0.0,LEAK,0.8,0.0
0.02,1505.48,350.48,0.0,LEAK,0.8,0.0
0.021,1504.39,350.05,0.0,LEAK,0.8,0.0
0.022,1504.47,348.9,0.0,LEAK,0.8,0.0
0.023,1504.1,351.2,0.0,LEAK,0.8,0.0
0.024,1506.51,351.97,0.0,LEAK,0.8,0.0
0.025,1505.51,350.84,0.0,LEAK,0.8,0.0
0.026,1503.5,349.82,0.0,LEAK,0.8,0.0
0.027,1504.11,348.69,0.0,LEAK,0.8,0.0
0.028,1509.45,350.76,0.0,LEAK,0.8,0.0
0.029,1508.1,349.51,0.0,LEAK,0.8,0.0
0.03,1506.15,351.25,0.0,LEAK,0.8,0.0
0.031,1505.89,349.96,0.0,LEAK,0.8,0.0
0.032,1512.41,351.79,0.0,LEAK,0.8,0.0
0.033,1506.24,352.11,0.0,LEAK,0.8,0.0
0.034,1507.51,349.47,0.0,LEAK,0.8,0.0
0.035,1509.35,347.65,0.0,LEAK,0.8,0.0
0.036,1506.68,349.62,0.0,LEAK,0.8,0.0
0.037,1506.34,348.52,0.0,LEAK,0.8,0.0
0.038,1509.36,350.05,0.0,LEAK,0.8,0.0
0.039,1514.08,349.08,0.0,LEAK,0.8,0.0
0.04,1506.03,347.6,0.0,LEAK,0.8,0.0
0.041,1509.46,347.94,0.0,LEAK,0.8,0.0
0.042,1509.73,350.71,0.0,LEAK,0.8,0.0
0.043,1512.85,347.66,0.0,LEAK,0.8,0.0
0.044,1514.68,349.85,0.0,LEAK,0.8,0.0
0.045,1509.17,351.7,0.0,LEAK,0.8,0.0
0.046,1508.88,351.94,0.0,LEAK,0.8,0.0
0.047,1506.88,352.52,0.0,LEAK,0.8,0.0
0.048,1510.47,349.44,0.0,LEAK,0.8,0.0
0.049,1510.84,347.74,0.0,LEAK,0.8,0.0
0.05,1505.61,350.36,0.0,LEAK,0.8,0.0
0.051,1513.57,350.41,0.0,LEAK,0.8,0.0
0.052,1506.12,350.33,0.0,LEAK,0.8,0.0
0.053,1513.23,349.82,0.0,LEAK,0.8,0.0
0.054,1513.55,348.16,0.0,LEAK,0.8,0.0
0.055,1510.48,347.17,0.0,LEAK,0.8,0.0
0.056,1510.95,349.96,0.0,LEAK,0.8,0.0
0.057,1509.58,347.66,0.0,LEAK,0.8,0.0
0.058,1509.17,349.85,0.0,LEAK,0.8,0.0
0.059,1511.2,348.52,0.0,LEAK,0.8,0.0
0.06,1512.95,349.19,0.0,LEAK,0.8,0.0
0.061,1503.59,350.95,0.0,LEAK,0.8,0.0
0.062,1506.42,349.71,0.0,LEAK,0.8,0.0
0.063,1508.19,350.32,0.0,LEAK,0.8,0.0
0.064,1507.63,351.15,0.0,LEAK,0.8,0.0
0.065,1512.6,348.21,0.0,LEAK,0.8,0.0
0.066,1509.34,351.23,0.0,LEAK,0.8,0.0
0.067,1499.46,350.86,0.0,LEAK,0.8,0.0
0.068,1510.27,348.69,0.0,LEAK,0.8,0.0
0.069,1509.18,349.12,0.0,LEAK,0.8,0.0
0.07,1505.9,350.99,0.0,LEAK,0.8,0.0
0.071,1509.16,349.6,0.0,LEAK,0.8,0.0
0.072,1509.63,348.63,0.0,LEAK,0.8,0.0
0.073,1510.6,348.83,0.0,LEAK,0.8,0.0
0.074,1510.38,350.58,0.0,LEAK,0.8,0.0
0.075,1503.19,351.58,0.0,LEAK,0.8,0.0
0.076,1511.22,350.15,0.0,LEAK,0.8,0.0
0.077,1504.87,352.06,0.0,LEAK,0.8,0.0
0.078,1506.11,348.44,0.0,LEAK,0.8,0.0
0.079,1509.03,350.0,0.0,LEAK,0.8,0.0
0.08,1505.56,349.65,0.0,LEAK,0.8,0.0
0.081,1510.23,349.94,0.0,LEAK,0.8,0.0
0.082,1505.15,348.56,0.0,LEAK,0.8,0.0
0.083,1500.28,348.66,0.0,LEAK,0.8,0.0
0.084,1508.09,352.88,0.0,LEAK,0.8,0.0
0.085,1502.48,351.04,0.0,LEAK,0.8,0.0
0.086,1510.28,352.62,0.0,LEAK,0.8,0.0
0.087,1507.6,352.71,0.0,LEAK,0.8,0.0
0.088,1507.65,351.42,0.0,LEAK,0.8,0.0
0.089,1507.4,352.43,0.0,LEAK,0.8,0.0
0.09,1503.07,347.85,0.0,LEAK,0.8,0.0
0.091,1502.58,347.62,0.0,LEAK,0.8,0.0
0.092,1500.0,351.0,0.0,LEAK,0.8,0.0
0.093,1500.21,351.49,0.0,LEAK,0.8,0.0
0.094,1500.18,348.11,0.0,LEAK,0.8,0.0
0.095,1498.19,350.81,0.0,LEAK,0.8,0.0
0.096,1502.31,349.87,0.0,LEAK,0.8,0.0
0.097,1503.54,349.32,0.0,LEAK,0.8,0.0
0.098,1500.35,347.25,0.0,LEAK,0.8,0.0
0.099,1493.87,349.34,0.0,LEAK,0.8,0.0
0.1,1504.14,350.53,0.0,LEAK,0.8,0.0
0.101,1497.22,350.89,0.0,LEAK,0.8,0.0
0.102,1500.36,349.2,0.0,LEAK,0.8,0.0
0.103,1493.77,348.45,0.0,LEAK,0.8,0.0
0.104,1497.1,351.11,0.0,LEAK,0.8,0.0
0.105,1495.38,350.12,0.0,LEAK,0.8,0.0
0.106,1498.22,351.63,0.0,LEAK,0.8,0.0
0.107,1499.8,347.39,0.0,LEAK,0.8,0.0
0.108,1490.1,349.99,0.0,LEAK,0.8,0.0
0.109,1500.66,351.05,0.0,LEAK,0.8,0.0
0.11,1501.5,351.67,0.0,LEAK,0.8,0.0
0.111,1497.73,351.21,0.0,LEAK,0.8,0.0
0.112,1498.81,349.75,0.0,LEAK,0.8,0.0
0.113,1489.77,348.49,0.0,LEAK,0.8,0.0
0.114,1496.73,349.77,0.0,LEAK,0.8,0.0
0.115,1494.35,350.13,0.0,LEAK,0.8,0.0
0.116,1494.57,346.95,0.0,LEAK,0.8,0.0
0.117,1496.75,349.9,0.0,LEAK,0.8,0.0
0.118,1496.08,349.63,0.0,LEAK,0.8,0.0
0.119,1494.9,351.93,0.0,LEAK,0.8,0.0
0.12,1493.2,352.36,0.0,LEAK,0.8,0.0
0.121,1490.87,352.53,0.0,LEAK,0.8,0.0
0.122,1489.11,350.2,0.0,LEAK,0.8,0.0
0.123,1491.62,350.38,0.0,LEAK,0.8,0.0
0.124,1491.7,347.02,0.0,LEAK,0.8,0.0
0.125,1489.98,348.71,0.0,LEAK,0.8,0.0
0.126,1489.68,350.15,0.0,LEAK,0.8,0.0
0.127,1495.36,349.74,0.0,LEAK,0.8,0.0
0.128,1495.0,350.15,0.0,LEAK,0.8,0.0
0.129,1496.58,347.98,0.0,LEAK,0.8,0.0
0.13,1495.02,350.51,0.0,LEAK,0.8,0.0
0.131,1495.12,351.72,0.0,LEAK,0.8,0.0
0.132,1488.19,345.6,0.0,LEAK,0.8,0.0
0.133,1488.33,351.37,0.0,LEAK,0.8,0.0
0.134,1490.65,347.67,0.0,LEAK,0.8,0.0
0.135,1494.04,349.93,0.0,LEAK,0.8,0.0
0.136,1491.8,348.53,0.0,LEAK,0.8,0.0
0.137,1490.42,349.23,0.0,LEAK,0.8,0.0
0.138,1483.25,349.83,0.0,LEAK,0.8,0.0
0.139,1490.43,352.64,0.0,LEAK,0.8,0.0
0.14,1489.65,351.6,0.0,LEAK,0.8,0.0
0.141,1491.09,351.6,0.0,LEAK,0.8,0.0
0.142,1491.37,348.7,0.0,LEAK,0.8,0.0
0.143,1489.08,349.48,0.0,LEAK,0.8,0.0
0.144,1488.43,350.03,0.0,LEAK,0.8,0.0
0.145,1488.36,349.76,0.0,LEAK,0.8,0.0
0.146,1489.18,347.62,0.0,LEAK,0.8,0.0
0.147,1494.3,349.57,0.0,LEAK,0.8,0.0
0.148,1488.46,346.33,0.0,LEAK,0.8,0.0
0.149,1491.8,350.99,0.0,LEAK,0.8,0.0
0.15,1489.43,350.05,0.0,LEAK,0.8,0.0
0.151,1493.8,349.56,0.0,LEAK,0.8,0.0
0.152,1490.62,348.47,0.0,LEAK,0.8,0.0
0.153,1485.92,348.44,0.0,LEAK,0.8,0.0
0.154,1488.83,349.85,0.0,LEAK,0.8,0.0
0.155,1488.34,346.96,0.0,LEAK,0.8,0.0
0.156,1486.85,348.9,0.0,LEAK,0.8,0.0
0.157,1488.82,350.92,0.0,LEAK,0.8,0.0
0.158,1490.24,349.08,0.0,LEAK,0.8,0.0
0.159,1493.23,351.85,0.0,LEAK,0.8,0.0
0.16,1492.35,352.56,0.0,LEAK,0.8,0.0
0.161,1491.0,346.32,0.0,LEAK,0.8,0.0
0.162,1492.94,349.72,0.0,LEAK,0.8,0.0
0.163,1488.26,350.76,0.0,LEAK,0.8,0.0
0.164,1492.16,348.18,0.0,LEAK,0.8,0.0
0.165,1495.15,349.58,0.0,LEAK,0.8,0.0
0.166,1490.05,350.38,0.0,LEAK,0.8,0.0
0.167,1491.08,351.35,0.0,LEAK,0.8,0.0
0.168,1489.76,350.82,0.0,LEAK,0.8,0.0
0.169,1491.45,348.75,0.0,LEAK,0.8,0.0
0.17,1496.14,351.24,0.0,LEAK,0.8,0.0
0.171,1493.29,351.14,0.0,LEAK,0.8,0.0
0.172,1492.33,349.27,0.0,LEAK,0.8,0.0
0.173,1495.55,349.19,0.0,LEAK,0.8,0.0
0.174,1493.4,349.28,0.0,LEAK,0.8,0.0
0.175,1491.47,351.12,0.0,LEAK,0.8,0.0
0.176,1496.06,348.0,0.0,LEAK,0.8,0.0
0.177,1491.62,347.66,0.0,LEAK,0.8,0.0
0.178,1496.38,348.03,0.0,LEAK,0.8,0.0
0.179,1494.11,346.83,0.0,LEAK,0.8,0.0
0.18,1499.56,350.75,0.0,LEAK,0.8,0.0
0.181,1497.75,350.2,0.0,LEAK,0.8,0.0
0.182,1494.78,349.83,0.0,LEAK,0.8,0.0
0.183,1486.13,351.27,0.0,LEAK,0.8,0.0
0.184,1501.31,347.84,0.0,LEAK,0.8,0.0
0.185,1495.16,350.47,0.0,LEAK,0.8,0.0
0.186,1496.57,346.92,0.0,LEAK,0.8,0.0
0.187,1495.45,349.22,0.0,LEAK,0.8,0.0
0.188,1493.73,351.05,0.0,LEAK,0.8,0.0
0.189,1498.94,351.22,0.0,LEAK,0.8,0.0
0.19,1496.24,350.66,0.0,LEAK,0.8,0.0
0.191,1494.35,350.57,0.0,LEAK,0.8,0.0
0.192,1496.5,351.88,0.0,LEAK,0.8,0.0
0.193,1496.28,351.41,0.0,LEAK,0.8,0.0
0.194,1498.04,350.05,0.0,LEAK,0.8,0.0
0.195,1498.84,349.28,0.0,LEAK,0.8,0.0
0.196,1499.57,351.09,0.0,LEAK,0.8,0.0
0.197,1498.98,348.38,0.0,LEAK,0.8,0.0
0.198,1494.08,348.37,0.0,LEAK,0.8,0.0
0.199,1499.94,351.99,0.0,LEAK,0.8,0.0
0.2,1501.62,348.99,0.0,LEAK,0.8,0.0
0.201,1500.76,351.85,0.0,LEAK,0.8,0.0
0.202,1505.14,349.36,0.0,LEAK,0.8,0.0
0.203,1499.91,349.43,0.0,LEAK,0.8,0.0
0.204,1499.11,351.11,0.0,LEAK,0.8,0.0
0.205,1504.56,349.57,0.0,LEAK,0.8,0.0
0.206,1500.2,348.85,0.0,LEAK,0.8,0.0
0.207,1499.08,350.95,0.0,LEAK,0.8,0.0
0.208,1503.31,346.61,0.0,LEAK,0.8,0.0
0.209,1500.43,350.04,0.0,LEAK,0.8,0.0
0.21,1507.7,348.62,0.0,LEAK,0.8,0.0
0.211,1505.53,351.41,0.0,LEAK,0.8,0.0
0.212,1502.32,351.62,0.0,LEAK,0.8,0.0
0.213,1501.41,346.56,0.0,LEAK,0.8,0.0
0.214,1499.87,350.48,0.0,LEAK,0.8,0.0
0.215,1504.21,351.22,0.0,LEAK,0.8,0.0
0.216,1507.1,350.13,0.0,LEAK,0.8,0.0
0.217,1508.14,348.97,0.0,LEAK,0.8,0.0
0.218,1507.94,351.54,0.0,LEAK,0.8,0.0
0.219,1510.17,350.16,0.0,LEAK,0.8,0.0
0.22,1512.19,352.34,0.0,LEAK,0.8,0.0
0.221,1510.48,349.3,0.0,LEAK,0.8,0.0
0.222,1509.36,351.03,0.0,LEAK,0.8,0.0
0.223,1507.9,351.79,0.0,LEAK,0.8,0.0
0.224,1507.14,348.25,0.0,LEAK,0.8,0.0
0.225,1504.28,348.41,0.0,LEAK,0.8,0.0
0.226,1509.51,349.97,0.0,LEAK,0.8,0.0
0.227,1506.11,348.84,0.0,LEAK,0.8,0.0
0.228,1503.12,350.8,0.0,LEAK,0.8,0.0
0.229,1502.42,349.0,0.0,LEAK,0.8,0.0
0.23,1508.57,351.09,0.0,LEAK,0.8,0.0
0.231,1506.28,350.27,0.0,LEAK,0.8,0.0
0.232,1509.07,349.36,0.0,LEAK,0.8,0.0
0.233,1505.27,348.55,0.0,LEAK,0.8,0.0
0.234,1503.57,350.29,0.0,LEAK,0.8,0.0
0.235,1513.16,350.42,0.0,LEAK,0.8,0.0
0.236,1510.96,348.27,0.0,LEAK,0.8,0.0
0.237,1514.12,349.96,0.0,LEAK,0.8,0.0
0.238,1512.0,350.61,0.0,LEAK,0.8,0.0
0.239,1505.95,349.34,0.0,LEAK,0.8,0.0
0.24,1513.44,351.9,0.0,LEAK,0.8,0.0
0.241,1506.77,350.04,0.0,LEAK,0.8,0.0
0.242,1514.69,349.5,0.0,LEAK,0.8,0.0
0.243,1507.16,350.57,0.0,LEAK,0.8,0.0
0.244,1507.24,347.39,0.0,LEAK,0.8,0.0
0.245,1511.87,350.81,0.0,LEAK,0.8,0.0
0.246,1506.59,351.75,0.0,LEAK,0.8,0.0
0.247,1515.42,349.07,0.0,LEAK,0.8,0.0
0.248,1504.13,350.93,0.0,LEAK,0.8,0.0
0.249,1513.49,349.95,0.0,LEAK,0.8,0.0
0.25,1509.49,347.26,0.0,LEAK,0.8,0.0
0.251,1511.24,350.08,0.0,LEAK,0.8,0.0
0.252,1507.39,349.07,0.0,LEAK,0.8,0.0
0.253,1511.84,351.6,0.0,LEAK,0.8,0.0
0.254,1512.3,349.63,0.0,LEAK,0.8,0.0
0.255,1513.24,348.94,0.0,LEAK,0.8,0.0
0.256,1506.37,349.13,0.0,LEAK,0.8,0.0
0.257,1515.67,349.55,0.0,LEAK,0.8,0.0
0.258,1515.02,354.65,0.0,LEAK,0.8,0.0
0.259,1511.01,350.93,0.0,LEAK,0.8,0.0
0.26,1508.53,350.91,0.0,LEAK,0.8,0.0
0.261,1509.37,350.21,0.0,LEAK,0.8,0.0
0.262,1511.09,352.88,0.0,LEAK,0.8,0.0
0.263,1506.27,349.14,0.0,LEAK,0.8,0.0
0.264,1507.46,349.39,0.0,LEAK,0.8,0.0
0.265,1507.02,351.15,0.0,LEAK,0.8,0.0
0.266,1505.41,349.89,0.0,LEAK,0.8,0.0
0.267,1509.25,349.48,0.0,LEAK,0.8,0.0
0.268,1511.79,349.08,0.0,LEAK,0.8,0.0
0.269,1507.69,351.47,0.0,LEAK,0.8,0.0
0.27,1507.98,349.64,0.0,LEAK,0.8,0.0
0.271,1509.43,350.53,0.0,LEAK,0.8,0.0
0.272,1508.43,349.58,0.0,LEAK,0.8,0.0
0.273,1509.24,347.9,0.0,LEAK,0.8,0.0
0.274,1507.34,351.04,0.0,LEAK,0.8,0.0
0.275,1508.93,348.19,0.0,LEAK,0.8,0.0
0.276,1508.24,347.67,0.0,LEAK,0.8,0.0
0.277,1502.71,349.63,0.0,LEAK,0.8,0.0
0.278,1504.16,350.9,0.0,LEAK,0.8,0.0
0.279,1505.1,351.13,0.0,LEAK,0.8,0.0
0.28,1509.94,352.87,0.0,LEAK,0.8,0.0
0.281,1503.26,350.27,0.0,LEAK,0.8,0.0
0.282,1502.92,348.79,0.0,LEAK,0.8,0.0
0.283,1509.23,347.44,0.0,LEAK,0.8,0.0
0.284,1507.28,349.78,0.0,LEAK,0.8,0.0
0.285,1509.37,351.31,0.0,LEAK,0.8,0.0
0.286,1499.06,348.13,0.0,LEAK,0.8,0.0
0.287,1504.06,350.81,0.0,LEAK,0.8,0.0
0.288,1503.18,350.49,0.0,LEAK,0.8,0.0
0.289,1497.21,349.84,0.0,LEAK,0.8,0.0
0.29,1508.54,352.16,0.0,LEAK,0.8,0.0
0.291,1503.44,350.59,0.0,LEAK,0.8,0.0
0.292,1496.34,351.59,0.0,LEAK,0.8,0.0
0.293,1505.77,350.84,0.0,LEAK,0.8,0.0
0.294,1508.51,347.91,0.0,LEAK,0.8,0.0
0.295,1500.08,350.2,0.0,LEAK,0.8,0.0
0.296,1503.85,350.07,0.0,LEAK,0.8,0.0
0.297,1502.97,349.83,0.0,LEAK,0.8,0.0
0.298,1508.07,351.35,0.0,LEAK,0.8,0.0
0.299,1507.43,352.42,0.0,LEAK,0.8,0.0
0.3,1496.72,350.26,0.0,LEAK,0.8,0.0
0.301,1504.99,352.62,0.0,LEAK,0.8,0.0
0.302,1497.15,350.25,0.0,LEAK,0.8,0.0
0.303,1501.19,347.83,0.0,LEAK,0.8,0.0
0.304,1498.91,350.19,0.0,LEAK,0.8,0.0
0.305,1494.41,350.9,0.0,LEAK,0.8,0.0
0.306,1497.93,349.99,0.0,LEAK,0.8,0.0
0.307,1494.88,348.31,0.0,LEAK,0.8,0.0
0.308,1497.17,350.65,0.0,LEAK,0.8,0.0
0.309,1495.01,349.3,0.0,LEAK,0.8,0.0
0.31,1497.61,351.61,0.0,LEAK,0.8,0.0
0.311,1500.17,352.9,0.0,LEAK,0.8,0.0
0.312,1495.66,349.36,0.0,LEAK,0.8,0.0
0.313,1495.12,350.4,0.0,LEAK,0.8,0.0
0.314,1497.57,350.82,0.0,LEAK,0.8,0.0
0.315,1493.65,351.75,0.0,LEAK,0.8,0.0
0.316,1494.18,350.55,0.0,LEAK,0.8,0.0
0.317,1498.42,349.79,0.0,LEAK,0.8,0.0
0.318,1494.97,349.27,0.0,LEAK,0.8,0.0
0.319,1495.51,349.2,0.0,LEAK,0.8,0.0
0.32,1496.23,349.95,0.0,LEAK,0.8,0.0
0.321,1500.38,349.67,0.0,LEAK,0.8,0.0
0.322,1491.54,351.3,0.0,LEAK,0.8,0.0
0.323,1491.89,348.63,0.0,LEAK,0.8,0.0
0.324,1495.5,349.37,0.0,LEAK,0.8,0.0
0.325,1491.38,350.47,0.0,LEAK,0.8,0.0
0.326,1491.75,349.47,0.0,LEAK,0.8,0.0
0.327,1497.42,349.32,0.0,LEAK,0.8,0.0
0.328,1491.16,348.15,0.0,LEAK,0.8,0.0
0.329,1489.72,351.36,0.0,LEAK,0.8,0.0
0.33,1486.34,349.34,0.0,LEAK,0.8,0.0
0.331,1490.35,350.5,0.0,LEAK,0.8,0.0
0.332,1495.18,348.11,0.0,LEAK,0.8,0.0
0.333,1494.14,350.78,0.0,LEAK,0.8,0.0
0.334,1491.07,348.48,0.0,LEAK,0.8,0.0
0.335,1491.3,349.12,0.0,LEAK,0.8,0.0
0.336,1493.91,351.13,0.0,LEAK,0.8,0.0
0.337,1489.88,350.17,0.0,LEAK,0.8,0.0
0.338,1497.1,351.49,0.0,LEAK,0.8,0.0
0.339,1493.44,349.27,0.0,LEAK,0.8,0.0
0.34,1491.42,349.83,0.0,LEAK,0.8,0.0
0.341,1487.99,349.5,0.0,LEAK,0.8,0.0
0.342,1489.41,350.63,0.0,LEAK,0.8,0.0
0.343,1495.42,348.53,0.0,LEAK,0.8,0.0
0.344,1489.77,350.38,0.0,LEAK,0.8,0.0
0.345,1493.44,349.7,0.0,LEAK,0.8,0.0
0.346,1491.58,348.76,0.0,LEAK,0.8,0.0
0.347,1491.86,352.13,0.0,LEAK,0.8,0.0
0.348,1492.68,350.5,0.0,LEAK,0.8,0.0
0.349,1488.57,349.5,0.0,LEAK,0.8,0.0
0.35,1490.66,349.39,0.0,LEAK,0.8,0.0
0.351,1494.27,349.81,0.0,LEAK,0.8,0.0
0.352,1491.38,349.62,0.0,LEAK,0.8,0.0
0.353,1491.63,348.39,0.0,LEAK,0.8,0.0
0.354,1490.78,349.32,0.0,LEAK,0.8,0.0
0.355,1482.44,351.02,0.0,LEAK,0.8,0.0
0.356,1495.78,350.48,0.0,LEAK,0.8,0.0
0.357,1494.48,348.66,0.0,LEAK,0.8,0.0
0.358,1497.69,347.65,0.0,LEAK,0.8,0.0
0.359,1489.58,351.57,0.0,LEAK,0.8,0.0
0.36,1494.46,350.46,0.0,LEAK,0.8,0.0
0.361,1488.15,352.14,0.0,LEAK,0.8,0.0
0.362,1496.72,349.9,0.0,LEAK,0.8,0.0
0.363,1490.36,350.76,0.0,LEAK,0.8,0.0
0.364,1489.06,349.31,0.0,LEAK,0.8,0.0
0.365,1497.97,351.76,0.0,LEAK,0.8,0.0
0.366,1490.52,351.58,0.0,LEAK,0.8,0.0
0.367,1495.34,348.86,0.0,LEAK,0.8,0.0
0.368,1490.61,353.32,0.0,LEAK,0.8,0.0
0.369,1491.83,350.57,0.0,LEAK,0.8,0.0
0.37,1487.95,348.23,0.0,LEAK,0.8,0.0
0.371,1493.36,351.07,0.0,LEAK,0.8,0.0
0.372,1495.54,352.64,0.0,LEAK,0.8,0.0
0.373,1491.0,349.41,0.0,LEAK,0.8,0.0
0.374,1492.51,346.68,0.0,LEAK,0.8,0.0
0.375,1495.13,348.71,0.0,LEAK,0.8,0.0
0.376,1495.67,352.11,0.0,LEAK,0.8,0.0
0.377,1495.33,348.42,0.0,LEAK,0.8,0.0
0.378,1502.41,351.53,0.0,LEAK,0.8,0.0
0.379,1493.83,351.27,0.0,LEAK,0.8,0.0
0.38,1494.41,352.77,0.0,LEAK,0.8,0.0
0.381,1496.9,349.69,0.0,LEAK,0.8,0.0
0.382,1493.64,349.27,0.0,LEAK,0.8,0.0
0.383,1493.72,347.16,0.0,LEAK,0.8,0.0
0.384,1495.47,348.24,0.0,LEAK,0.8,0.0
0.385,1497.45,349.04,0.0,LEAK,0.8,0.0
0.386,1497.36,349.53,0.0,LEAK,0.8,0.0
0.387,1496.49,351.81,0.0,LEAK,0.8,0.0
0.388,1500.68,350.15,0.0,LEAK,0.8,0.0
0.389,1498.41,350.72,0.0,LEAK,0.8,0.0
0.39,1491.62,345.98,0.0,LEAK,0.8,0.0
0.391,1495.4,350.73,0.0,LEAK,0.8,0.0
0.392,1496.38,352.05,0.0,LEAK,0.8,0.0
0.393,1501.49,351.89,0.0,LEAK,0.8,0.0
0.394,1500.53,350.25,0.0,LEAK,0.8,0.0
0.395,1495.16,348.82,0.0,LEAK,0.8,0.0
0.396,1497.77,351.39,0.0,LEAK,0.8,0.0
0.397,1496.54,349.36,0.0,LEAK,0.8,0.0
0.398,1504.24,350.89,0.0,LEAK,0.8,0.0
0.399,1495.66,349.72,0.0,LEAK,0.8,0.0
0.4,1502.21,349.95,0.0,LEAK,0.8,0.0
0.401,1501.18,348.39,0.0,LEAK,0.8,0.0
0.402,1503.38,353.23,0.0,LEAK,0.8,0.0
0.403,1504.37,350.88,0.0,LEAK,0.8,0.0
0.404,1502.79,348.27,0.0,LEAK,0.8,0.0
0.405,1502.36,349.48,0.0,LEAK,0.8,0.0
0.406,1503.64,347.94,0.0,LEAK,0.8,0.0
0.407,1503.46,348.69,0.0,LEAK,0.8,0.0
0.408,1506.93,350.27,0.0,LEAK,0.8,0.0
0.409,1508.58,349.8,0.0,LEAK,0.8,0.0
0.41,1501.94,351.02,0.0,LEAK,0.8,0.0
0.411,1505.05,348.92,0.0,LEAK,0.8,0.0
0.412,1505.72,349.67,0.0,LEAK,0.8,0.0
0.413,1503.25,350.83,0.0,LEAK,0.8,0.0
0.414,1501.81,349.53,0.0,LEAK,0.8,0.0
0.415,1503.51,349.82,0.0,LEAK,0.8,0.0
0.416,1502.49,352.6,0.0,LEAK,0.8,0.0
0.417,1506.93,348.85,0.0,LEAK,0.8,0.0
0.418,1509.36,351.55,0.0,LEAK,0.8,0.0
0.419,1501.11,348.66,0.0,LEAK,0.8,0.0
0.42,1502.84,349.0,0.0,LEAK,0.8,0.0
0.421,1505.3,348.35,0.0,LEAK,0.8,0.0
0.422,1508.66,352.04,0.0,LEAK,0.8,0.0
0.423,1509.7,349.83,0.0,LEAK,0.8,0.0
0.424,1505.2,348.77,0.0,LEAK,0.8,0.0
0.425,1508.29,349.09,0.0,LEAK,0.8,0.0
0.426,1510.32,350.49,0.0,LEAK,0.8,0.0
0.427,1504.3,351.18,0.0,LEAK,0.8,0.0
0.428,1505.81,350.38,0.0,LEAK,0.8,0.0
0.429,1511.83,351.6,0.0,LEAK,0.8,0.0
0.43,1506.32,348.99,0.0,LEAK,0.8,0.0
0.431,1511.19,352.19,0.0,LEAK,0.8,0.0
0.432,1503.69,351.15,0.0,LEAK,0.8,0.0
0.433,1508.42,349.91,0.0,LEAK,0.8,0.0
0.434,1503.7,351.06,0.0,LEAK,0.8,0.0
0.435,1505.0,351.06,0.0,LEAK,0.8,0.0
0.436,1502.55,351.02,0.0,LEAK,0.8,0.0
0.437,1507.8,351.91,0.0,LEAK,0.8,0.0
0.438,1508.66,350.19,0.0,LEAK,0.8,0.0
0.439,1513.55,349.26,0.0,LEAK,0.8,0.0
0.44,1507.32,350.66,0.0,LEAK,0.8,0.0
0.441,1511.52,351.13,0.0,LEAK,0.8,0.0
0.442,1507.66,349.04,0.0,LEAK,0.8,0.0
0.443,1512.6,351.48,0.0,LEAK,0.8,0.0
0.444,1506.11,352.33,0.0,LEAK,0.8,0.0
0.445,1505.26,350.85,0.0,LEAK,0.8,0.0
0.446,1506.71,349.28,0.0,LEAK,0.8,0.0
0.447,1510.27,349.95,0.0,LEAK,0.8,0.0
0.448,1510.25,350.73,0.0,LEAK,0.8,0.0
0.449,1509.53,349.41,0.0,LEAK,0.8,0.0
0.45,1504.13,350.61,0.0,LEAK,0.8,0.0
0.451,1507.43,349.48,0.0,LEAK,0.8,0.0
0.452,1509.51,349.53,0.0,LEAK,0.8,0.0
0.453,1503.0,348.24,0.0,LEAK,0.8,0.0
0.454,1508.42,350.92,0.0,LEAK,0.8,0.0
0.455,1509.98,351.92,0.0,LEAK,0.8,0.0
0.456,1508.06,351.71,0.0,LEAK,0.8,0.0
0.457,1508.69,346.46,0.0,LEAK,0.8,0.0
0.458,1508.26,352.17,0.0,LEAK,0.8,0.0
0.459,1512.94,349.28,0.0,LEAK,0.8,0.0
0.46,1509.3,350.98,0.0,LEAK,0.8,0.0
0.461,1508.18,348.23,0.0,LEAK,0.8,0.0
0.462,1504.76,350.54,0.0,LEAK,0.8,0.0
0.463,1507.56,350.81,0.0,LEAK,0.8,0.0
0.464,1511.0,349.23,0.0,LEAK,0.8,0.0
0.465,1508.95,349.4,0.0,LEAK,0.8,0.0
0.466,1511.12,349.16,0.0,LEAK,0.8,0.0
0.467,1511.03,350.57,0.0,LEAK,0.8,0.0
0.468,1506.01,348.19,0.0,LEAK,0.8,0.0
0.469,1511.33,351.13,0.0,LEAK,0.8,0.0
0.47,1501.62,350.42,0.0,LEAK,0.8,0.0
0.471,1504.87,353.43,0.0,LEAK,0.8,0.0
0.472,1507.0,351.49,0.0,LEAK,0.8,0.0
0.473,1506.23,348.91,0.0,LEAK,0.8,0.0
0.474,1509.66,349.78,0.0,LEAK,0.8,0.0
0.475,1504.99,349.71,0.0,LEAK,0.8,0.0
0.476,1509.71,350.75,0.0,LEAK,0.8,0.0
0.477,1510.62,350.51,0.0,LEAK,0.8,0.0
0.478,1510.34,350.24,0.0,LEAK,0.8,0.0
0.479,1508.93,348.19,0.0,LEAK,0.8,0.0
0.48,1506.21,347.12,0.0,LEAK,0.8,0.0
0.481,1501.82,347.49,0.0,LEAK,0.8,0.0
0.482,1503.19,349.62,0.0,LEAK,0.8,0.0
0.483,1510.22,350.87,0.0,LEAK,0.8,0.0
0.484,1504.45,349.05,0.0,LEAK,0.8,0.0
0.485,1509.26,350.1,0.0,LEAK,0.8,0.0
0.486,1508.52,348.33,0.0,LEAK,0.8,0.0
0.487,1500.57,349.76,0.0,LEAK,0.8,0.0
0.488,1510.09,350.4,0.0,LEAK,0.8,0.0
0.489,1503.7,351.49,0.0,LEAK,0.8,0.0
0.49,1503.02,351.83,0.0,LEAK,0.8,0.0
0.491,1501.62,349.44,0.0,LEAK,0.8,0.0
0.492,1494.95,351.44,0.0,LEAK,0.8,0.0
0.493,1500.8,350.4,0.0,LEAK,0.8,0.0
0.494,1506.13,349.04,0.0,LEAK,0.8,0.0
0.495,1501.85,353.32,0.0,LEAK,0.8,0.0
0.496,1500.63,351.05,0.0,LEAK,0.8,0.0
0.497,1498.89,348.17,0.0,LEAK,0.8,0.0
0.498,1501.94,351.69,0.0,LEAK,0.8,0.0
0.499,1497.43,351.25,0.0,LEAK,0.8,0.0
0.5,1496.25,100.0,1.0,LEAK,0.8,0.0
0.501,1497.33,142.74,1.0,LEAK,0.8,0.0
0.502,1498.02,183.36,1.0,LEAK,0.8,0.0
0.503,1498.41,221.98,1.0,LEAK,0.8,0.0
0.504,1500.16,258.7,1.0,LEAK,0.8,0.0
0.505,1502.24,293.6,1.0,LEAK,0.8,0.0
0.506,1496.05,326.78,1.0,LEAK,0.8,0.0
0.507,1497.1,358.32,1.0,LEAK,0.8,0.0
0.508,1497.86,388.3,1.0,LEAK,0.8,0.0
0.509,1495.53,416.8,1.0,LEAK,0.8,0.0
0.51,1493.88,443.9,1.0,LEAK,0.8,0.0
0.511,1498.1,469.66,1.0,LEAK,0.8,0.0
0.512,1491.85,494.14,1.0,LEAK,0.8,0.0
0.513,1500.04,517.42,1.0,LEAK,0.8,0.0
0.514,1494.44,539.55,1.0,LEAK,0.8,0.0
0.515,1500.38,560.58,1.0,LEAK,0.8,0.0
0.516,1495.09,580.58,1.0,LEAK,0.8,0.0
0.517,1495.15,599.59,1.0,LEAK,0.8,0.0
0.518,1498.58,617.66,1.0,LEAK,0.8,0.0
0.519,1499.57,634.84,1.0,LEAK,0.8,0.0
0.52,1491.67,651.17,1.0,LEAK,0.8,0.0
0.521,1492.53,666.69,1.0,LEAK,0.8,0.0
0.522,1495.22,681.45,1.0,LEAK,0.8,0.0
0.523,1495.25,695.48,1.0,LEAK,0.8,0.0
0.524,1493.09,708.82,1.0,LEAK,0.8,0.0
0.525,1494.44,721.49,1.0,LEAK,0.8,0.0
0.526,1487.52,733.55,1.0,LEAK,0.8,0.0
0.527,1495.51,745.0,1.0,LEAK,0.8,0.0
0.528,1490.66,755.9,1.0,LEAK,0.8,0.0
0.529,1495.34,766.25,1.0,LEAK,0.8,0.0
0.53,1490.17,776.09,1.0,LEAK,0.8,0.0
0.531,1495.28,785.45,1.0,LEAK,0.8,0.0
0.532,1492.35,794.34,1.0,LEAK,0.8,0.0
0.533,1491.55,802.8,1.0,LEAK,0.8,0.0
0.534,1492.7,810.84,1.0,LEAK,0.8,0.0
0.535,1485.7,818.48,1.0,LEAK,0.8,0.0
0.536,1491.37,825.74,1.0,LEAK,0.8,0.0
0.537,1491.44,832.65,1.0,LEAK,0.8,0.0
0.538,1489.95,839.21,1.0,LEAK,0.8,0.0
0.539,1490.68,845.45,1.0,LEAK,0.8,0.0
0.54,1492.27,851.38,1.0,LEAK,0.8,0.0
0.541,1496.02,857.02,1.0,LEAK,0.8,0.0
0.542,1489.82,862.38,1.0,LEAK,0.8,0.0
0.543,1488.18,867.48,1.0,LEAK,0.8,0.0
0.544,1487.97,872.32,1.0,LEAK,0.8,0.0
0.545,1489.14,876.93,1.0,LEAK,0.8,0.0
0.546,1492.82,881.31,1.0,LEAK,0.8,0.0
0.547,1489.97,885.47,1.0,LEAK,0.8,0.0
0.548,1486.47,889.42,1.0,LEAK,0.8,0.0
0.549,1491.87,893.19,1.0,LEAK,0.8,0.0
0.55,1492.04,896.76,1.0,LEAK,0.8,0.0
0.551,1484.73,900.16,1.0,LEAK,0.8,0.0
0.552,1484.8,903.39,1.0,LEAK,0.8,0.0
0.553,1487.73,906.46,1.0,LEAK,0.8,0.0
0.554,1494.52,909.38,1.0,LEAK,0.8,0.0
0.555,1487.2,912.16,1.0,LEAK,0.8,0.0
0.556,1497.83,914.8,1.0,LEAK,0.8,0.0
0.557,1490.73,917.3,1.0,LEAK,0.8,0.0
0.558,1486.67,919.69,1.0,LEAK,0.8,0.0
0.559,1486.66,921.96,1.0,LEAK,0.8,0.0
0.56,1489.1,924.11,1.0,LEAK,0.8,0.0
0.561,1492.49,926.16,1.0,LEAK,0.8,0.0
0.562,1491.5,928.11,1.0,LEAK,0.8,0.0
0.563,1491.41,929.96,1.0,LEAK,0.8,0.0
0.564,1490.11,931.72,1.0,LEAK,0.8,0.0
0.565,1487.79,933.39,1.0,LEAK,0.8,0.0
0.566,1493.0,934.98,1.0,LEAK,0.8,0.0
0.567,1490.4,936.49,1.0,LEAK,0.8,0.0
0.568,1493.66,937.93,1.0,LEAK,0.8,0.0
0.569,1486.66,939.3,1.0,LEAK,0.8,0.0
0.57,1488.76,940.59,1.0,LEAK,0.8,0.0
0.571,1495.52,941.83,1.0,LEAK,0.8,0.0
0.572,1491.99,943.0,1.0,LEAK,0.8,0.0
0.573,1489.81,944.12,1.0,LEAK,0.8,0.0
0.574,1492.78,945.18,1.0,LEAK,0.8,0.0
0.575,1495.2,946.19,1.0,LEAK,0.8,0.0
0.576,1489.23,947.15,1.0,LEAK,0.8,0.0
0.577,1490.13,948.06,1.0,LEAK,0.8,0.0
0.578,1496.82,948.92,1.0,LEAK,0.8,0.0
0.579,1491.51,949.75,1.0,LEAK,0.8,0.0
0.58,1502.03,968.15,1.0,LEAK,0.8,0.0
0.581,1490.33,969.99,1.0,LEAK,0.8,0.0
0.582,1493.41,963.42,1.0,LEAK,0.8,0.0
0.583,1497.38,962.58,1.0,LEAK,0.8,0.0
0.584,1496.69,969.48,1.0,LEAK,0.8,0.0
0.585,1494.61,958.95,1.0,LEAK,0.8,0.0
0.586,1498.26,968.9,1.0,LEAK,0.8,0.0
0.587,1494.64,955.93,1.0,LEAK,0.8,0.0
0.588,1493.19,964.3,1.0,LEAK,0.8,0.0
0.589,1495.99,965.54,1.0,LEAK,0.8,0.0
0.59,1492.83,961.2,1.0,LEAK,0.8,0.0
0.591,1497.29,966.98,1.0,LEAK,0.8,0.0
0.592,1494.55,963.6,1.0,LEAK,0.8,0.0
0.593,1497.16,963.84,1.0,LEAK,0.8,0.0
0.594,1494.21,967.52,1.0,LEAK,0.8,0.0
0.595,1498.67,965.32,1.0,LEAK,0.8,0.0
0.596,1495.31,970.82,1.0,LEAK,0.8,0.0
0.597,1498.42,973.95,1.0,LEAK,0.8,0.0
0.598,1501.18,971.07,1.0,LEAK,0.8,0.0
0.599,1499.05,964.14,1.0,LEAK,0.8,0.0
0.6,1498.88,969.01,1.0,LEAK,0.8,0.0
0.601,1501.11,959.57,1.0,LEAK,0.8,0.0
0.602,1499.79,958.84,1.0,LEAK,0.8,0.0
0.603,1499.66,970.66,1.0,LEAK,0.8,0.0
0.604,1497.25,965.02,1.0,LEAK,0.8,0.0
0.605,1502.5,973.03,1.0,LEAK,0.8,0.0
0.606,1498.65,964.47,1.0,LEAK,0.8,0.0
0.607,1506.14,969.33,1.0,LEAK,0.8,0.0
0.608,1499.71,967.84,1.0,LEAK,0.8,0.0
0.609,1505.69,961.24,1.0,LEAK,0.8,0.0
0.61,1501.17,963.91,1.0,LEAK,0.8,0.0
0.611,1503.18,969.77,1.0,LEAK,0.8,0.0
0.612,1503.15,962.65,1.0,LEAK,0.8,0.0
0.613,1498.25,962.46,1.0,LEAK,0.8,0.0
0.614,1499.01,962.78,1.0,LEAK,0.8,0.0
0.615,1505.41,962.2,1.0,LEAK,0.8,0.0
0.616,1508.78,969.11,1.0,LEAK,0.8,0.0
0.617,1503.1,967.72,1.0,LEAK,0.8,0.0
0.618,1506.7,960.49,1.0,LEAK,0.8,0.0
0.619,1506.47,971.12,1.0,LEAK,0.8,0.0
0.62,1506.15,963.28,1.0,LEAK,0.8,0.0
0.621,1510.46,968.3,1.0,LEAK,0.8,0.0
0.622,1505.65,960.76,1.0,LEAK,0.8,0.0
0.623,1504.41,962.68,1.0,LEAK,0.8,0.0
0.624,1512.37,974.17,1.0,LEAK,0.8,0.0
0.625,1506.95,968.29,1.0,LEAK,0.8,0.0
0.626,1505.04,963.58,1.0,LEAK,0.8,0.0
0.627,1508.1,964.44,1.0,LEAK,0.8,0.0
0.628,1506.74,956.43,1.0,LEAK,0.8,0.0
0.629,1508.27,968.78,1.0,LEAK,0.8,0.0
0.63,1508.56,964.78,1.0,LEAK,0.8,0.0
0.631,1511.97,967.26,1.0,LEAK,0.8,0.0
0.632,1506.64,962.19,1.0,LEAK,0.8,0.0
0.633,1508.63,957.52,1.0,LEAK,0.8,0.0
0.634,1509.49,962.29,1.0,LEAK,0.8,0.0
0.635,1510.2,972.51,1.0,LEAK,0.8,0.0
0.636,1512.83,973.56,1.0,LEAK,0.8,0.0
0.637,1511.33,959.01,1.0,LEAK,0.8,0.0
0.638,1511.24,963.6,1.0,LEAK,0.8,0.0
0.639,1511.3,956.05,1.0,LEAK,0.8,0.0
0.64,1510.03,963.23,1.0,LEAK,0.8,0.0
0.641,1507.9,959.14,1.0,LEAK,0.8,0.0
0.642,1508.59,967.28,1.0,LEAK,0.8,0.0
0.643,1512.13,972.25,1.0,LEAK,0.8,0.0
0.644,1505.58,970.54,1.0,LEAK,0.8,0.0
0.645,1509.93,971.56,1.0,LEAK,0.8,0.0
0.646,1510.11,968.29,1.0,LEAK,0.8,0.0
0.647,1503.3,967.47,1.0,LEAK,0.8,0.0
0.648,1506.26,969.87,1.0,LEAK,0.8,0.0
0.649,1510.16,962.84,1.0,LEAK,0.8,0.0
0.65,1506.87,964.32,1.0,LEAK,0.8,0.0
0.651,1509.84,963.24,1.0,LEAK,0.8,0.0
0.652,1510.57,968.39,1.0,LEAK,0.8,0.0
0.653,1506.19,971.48,1.0,LEAK,0.8,0.0
0.654,1504.53,957.5,1.0,LEAK,0.8,0.0
0.655,1507.5,957.84,1.0,LEAK,0.8,0.0
0.656,1509.35,969.68,1.0,LEAK,0.8,0.0
0.657,1507.23,963.54,1.0,LEAK,0.8,0.0
0.658,1514.28,958.07,1.0,LEAK,0.8,0.0
0.659,1508.16,961.87,1.0,LEAK,0.8,0.0
0.66,1509.09,969.21,1.0,LEAK,0.8,0.0
0.661,1510.5,970.69,1.0,LEAK,0.8,0.0
0.662,1510.62,961.81,1.0,LEAK,0.8,0.0
0.663,1505.72,970.69,1.0,LEAK,0.8,0.0
0.664,1507.76,966.32,1.0,LEAK,0.8,0.0
0.665,1504.61,963.59,1.0,LEAK,0.8,0.0
0.666,1507.79,958.15,1.0,LEAK,0.8,0.0
0.667,1505.16,962.05,1.0,LEAK,0.8,0.0
0.668,1507.49,968.74,1.0,LEAK,0.8,0.0
0.669,1509.98,962.54,1.0,LEAK,0.8,0.0
0.67,1513.47,967.32,1.0,LEAK,0.8,0.0
0.671,1506.64,962.89,1.0,LEAK,0.8,0.0
0.672,1508.78,965.6,1.0,LEAK,0.8,0.0
0.673,1514.06,967.1,1.0,LEAK,0.8,0.0
0.674,1509.06,967.74,1.0,LEAK,0.8,0.0
0.675,1499.6,958.49,1.0,LEAK,0.8,0.0
0.676,1506.87,967.85,1.0,LEAK,0.8,0.0
0.677,1506.87,957.17,1.0,LEAK,0.8,0.0
0.678,1505.6,968.42,1.0,LEAK,0.8,0.0
0.679,1505.41,964.42,1.0,LEAK,0.8,0.0
0.68,1510.1,967.68,1.0,LEAK,0.8,0.0
0.681,1506.79,961.76,1.0,LEAK,0.8,0.0
0.682,1505.68,961.14,1.0,LEAK,0.8,0.0
0.683,1504.69,966.99,1.0,LEAK,0.8,0.0
0.684,1507.31,957.94,1.0,LEAK,0.8,0.0
0.685,1506.01,968.74,1.0,LEAK,0.8,0.0
0.686,1499.46,974.26,1.0,LEAK,0.8,0.0
0.687,1502.49,970.61,1.0,LEAK,0.8,0.0
0.688,1505.3,962.24,1.0,LEAK,0.8,0.0
0.689,1506.93,962.4,1.0,LEAK,0.8,0.0
0.69,1496.88,961.87,1.0,LEAK,0.8,0.0
0.691,1505.0,958.55,1.0,LEAK,0.8,0.0
0.692,1502.64,969.45,1.0,LEAK,0.8,0.0
0.693,1503.64,956.38,1.0,LEAK,0.8,0.0
0.694,1504.63,970.15,1.0,LEAK,0.8,0.0
0.695,1498.96,964.07,1.0,LEAK,0.8,0.0
0.696,1502.78,964.72,1.0,LEAK,0.8,0.0
0.697,1503.06,963.36,1.0,LEAK,0.8,0.0
0.698,1495.67,961.19,1.0,LEAK,0.8,0.0
0.699,1500.33,968.0,1.0,LEAK,0.8,0.0
0.7,1498.29,963.52,1.0,LEAK,0.8,0.0
0.701,1496.68,964.51,1.0,LEAK,0.8,0.0
0.702,1505.28,969.5,1.0,LEAK,0.8,0.0
0.703,1499.27,961.18,1.0,LEAK,0.8,0.0
0.704,1500.14,962.85,1.0,LEAK,0.8,0.0
0.705,1496.72,968.78,1.0,LEAK,0.8,0.0
0.706,1500.39,966.18,1.0,LEAK,0.8,0.0
0.707,1497.55,961.26,1.0,LEAK,0.8,0.0
0.708,1497.35,964.76,1.0,LEAK,0.8,0.0
0.709,1494.66,967.27,1.0,LEAK,0.8,0.0
0.71,1498.13,960.04,1.0,LEAK,0.8,0.0
0.711,1500.2,960.23,1.0,LEAK,0.8,0.0
0.712,1496.2,957.81,1.0,LEAK,0.8,0.0
0.713,1497.62,968.72,1.0,LEAK,0.8,0.0
0.714,1493.51,967.23,1.0,LEAK,0.8,0.0
0.715,1497.73,963.52,1.0,LEAK,0.8,0.0
0.716,1491.47,964.75,1.0,LEAK,0.8,0.0
0.717,1490.18,962.8,1.0,LEAK,0.8,0.0
0.718,1495.59,965.71,1.0,LEAK,0.8,0.0
0.719,1491.46,966.78,1.0,LEAK,0.8,0.0
0.72,1494.77,966.37,1.0,LEAK,0.8,0.0
0.721,1496.01,959.31,1.0,LEAK,0.8,0.0
0.722,1493.49,965.05,1.0,LEAK,0.8,0.0
0.723,1493.65,958.29,1.0,LEAK,0.8,0.0
0.724,1490.9,964.03,1.0,LEAK,0.8,0.0
0.725,1490.35,967.83,1.0,LEAK,0.8,0.0
0.726,1496.82,959.75,1.0,LEAK,0.8,0.0
0.727,1493.16,963.95,1.0,LEAK,0.8,0.0
0.728,1494.54,974.31,1.0,LEAK,0.8,0.0
0.729,1493.97,958.03,1.0,LEAK,0.8,0.0
0.73,1494.66,963.65,1.0,LEAK,0.8,0.0
0.731,1492.82,967.75,1.0,LEAK,0.8,0.0
0.732,1491.96,968.32,1.0,LEAK,0.8,0.0
0.733,1486.09,961.35,1.0,LEAK,0.8,0.0
0.734,1489.38,966.63,1.0,LEAK,0.8,0.0
0.735,1487.95,963.44,1.0,LEAK,0.8,0.0
0.736,1492.32,964.16,1.0,LEAK,0.8,0.0
0.737,1491.69,975.56,1.0,LEAK,0.8,0.0
0.738,1494.17,964.7,1.0,LEAK,0.8,0.0
0.739,1493.08,961.64,1.0,LEAK,0.8,0.0
0.74,1488.27,969.51,1.0,LEAK,0.8,0.0
0.741,1492.06,964.94,1.0,LEAK,0.8,0.0
0.742,1487.2,965.91,1.0,LEAK,0.8,0.0
0.743,1495.63,969.76,1.0,LEAK,0.8,0.0
0.744,1491.68,967.86,1.0,LEAK,0.8,0.0
0.745,1490.59,959.68,1.0,LEAK,0.8,0.0
0.746,1491.56,965.53,1.0,LEAK,0.8,0.0
0.747,1490.18,964.83,1.0,LEAK,0.8,0.0
0.748,1488.94,959.63,1.0,LEAK,0.8,0.0
0.749,1487.84,963.85,1.0,LEAK,0.8,0.0
0.75,1490.39,969.03,1.0,LEAK,0.8,0.0
0.751,1490.79,959.91,1.0,LEAK,0.8,0.0
0.752,1488.43,963.92,1.0,LEAK,0.8,0.0
0.753,1494.91,971.26,1.0,LEAK,0.8,0.0
0.754,1487.61,957.99,1.0,LEAK,0.8,0.0
0.755,1494.14,969.59,1.0,LEAK,0.8,0.0
0.756,1481.55,970.83,1.0,LEAK,0.8,0.0
0.757,1488.3,972.84,1.0,LEAK,0.8,0.0
0.758,1493.01,966.33,1.0,LEAK,0.8,0.0
0.759,1497.15,966.23,1.0,LEAK,0.8,0.0
0.76,1491.88,964.54,1.0,LEAK,0.8,0.0
0.761,1493.09,960.42,1.0,LEAK,0.8,0.0
0.762,1491.46,966.83,1.0,LEAK,0.8,0.0
0.763,1490.76,968.65,1.0,LEAK,0.8,0.0
0.764,1491.56,970.94,1.0,LEAK,0.8,0.0
0.765,1492.85,966.29,1.0,LEAK,0.8,0.0
0.766,1491.78,967.71,1.0,LEAK,0.8,0.0
0.767,1494.1,974.44,1.0,LEAK,0.8,0.0
0.768,1495.06,973.52,1.0,LEAK,0.8,0.0
0.769,1489.48,963.47,1.0,LEAK,0.8,0.0
0.77,1489.64,970.68,1.0,LEAK,0.8,0.0
0.771,1490.12,970.06,1.0,LEAK,0.8,0.0
0.772,1495.04,970.47,1.0,LEAK,0.8,0.0
0.773,1490.85,958.18,1.0,LEAK,0.8,0.0
0.774,1493.06,962.25,1.0,LEAK,0.8,0.0
0.775,1493.49,962.18,1.0,LEAK,0.8,0.0
0.776,1490.95,967.08,1.0,LEAK,0.8,0.0
0.777,1495.33,970.28,1.0,LEAK,0.8,0.0
0.778,1487.97,976.29,1.0,LEAK,0.8,0.0
0.779,1495.16,968.3,1.0,LEAK,0.8,0.0
0.78,1492.05,958.12,1.0,LEAK,0.8,0.0
0.781,1491.57,961.53,1.0,LEAK,0.8,0.0
0.782,1492.32,953.29,1.0,LEAK,0.8,0.0
0.783,1496.04,959.2,1.0,LEAK,0.8,0.0
0.784,1492.53,971.21,1.0,LEAK,0.8,0.0
0.785,1496.16,968.74,1.0,LEAK,0.8,0.0
0.786,1498.44,968.05,1.0,LEAK,0.8,0.0
0.787,1508.22,966.51,1.0,LEAK,0.8,0.0
0.788,1492.58,970.86,1.0,LEAK,0.8,0.0
0.789,1499.47,961.64,1.0,LEAK,0.8,0.0
0.79,1494.32,968.84,1.0,LEAK,0.8,0.0
0.791,1495.47,969.8,1.0,LEAK,0.8,0.0
0.792,1490.4,958.72,1.0,LEAK,0.8,0.0
0.793,1495.16,960.72,1.0,LEAK,0.8,0.0
0.794,1502.19,967.39,1.0,LEAK,0.8,0.0
0.795,1496.48,963.69,1.0,LEAK,0.8,0.0
0.796,1498.67,963.44,1.0,LEAK,0.8,0.0
0.797,1501.29,972.18,1.0,LEAK,0.8,0.0
0.798,1498.43,970.24,1.0,LEAK,0.8,0.0
0.799,1497.99,964.6,1.0,LEAK,0.8,0.0
0.8,1499.73,960.59,1.0,LEAK,0.8,0.0
0.801,1498.61,971.92,1.0,LEAK,0.8,0.0
0.802,1500.72,965.46,1.0,LEAK,0.8,0.0
0.803,1503.18,958.64,1.0,LEAK,0.8,0.0
0.804,1502.93,967.81,1.0,LEAK,0.8,0.0
0.805,1501.18,963.68,1.0,LEAK,0.8,0.0
0.806,1509.34,975.16,1.0,LEAK,0.8,0.0
0.807,1503.58,964.83,1.0,LEAK,0.8,0.0
0.808,1497.7,965.39,1.0,LEAK,0.8,0.0
0.809,1503.17,963.76,1.0,LEAK,0.8,0.0
0.81,1506.23,964.9,1.0,LEAK,0.8,0.0
0.811,1504.5,966.43,1.0,LEAK,0.8,0.0
0.812,1500.32,964.06,1.0,LEAK,0.8,0.0
0.813,1507.06,967.53,1.0,LEAK,0.8,0.0
0.814,1506.42,960.78,1.0,LEAK,0.8,0.0
0.815,1504.33,968.55,1.0,LEAK,0.8,0.0
0.816,1503.89,968.05,1.0,LEAK,0.8,0.0
0.817,1505.45,960.55,1.0,LEAK,0.8,0.0
0.818,1507.76,963.94,1.0,LEAK,0.8,0.0
0.819,1502.71,967.4,1.0,LEAK,0.8,0.0
0.82,1502.91,954.17,1.0,LEAK,0.8,0.0
0.821,1505.57,966.72,1.0,LEAK,0.8,0.0
0.822,1512.55,970.67,1.0,LEAK,0.8,0.0
0.823,1500.36,961.47,1.0,LEAK,0.8,0.0
0.824,1507.39,967.92,1.0,LEAK,0.8,0.0
0.825,1506.19,967.89,1.0,LEAK,0.8,0.0
0.826,1508.61,963.32,1.0,LEAK,0.8,0.0
0.827,1502.44,958.36,1.0,LEAK,0.8,0.0
0.828,1509.23,968.94,1.0,LEAK,0.8,0.0
0.829,1507.47,966.11,1.0,LEAK,0.8,0.0
0.83,1506.04,973.22,1.0,LEAK,0.8,0.0
0.831,1507.82,966.79,1.0,LEAK,0.8,0.0
0.832,1507.23,970.41,1.0,LEAK,0.8,0.0
0.833,1507.72,954.66,1.0,LEAK,0.8,0.0
0.834,1513.32,968.74,1.0,LEAK,0.8,0.0
0.835,1513.08,965.38,1.0,LEAK,0.8,0.0
0.836,1506.97,964.39,1.0,LEAK,0.8,0.0
0.837,1510.58,963.17,1.0,LEAK,0.8,0.0
0.838,1509.3,971.0,1.0,LEAK,0.8,0.0
0.839,1511.51,972.76,1.0,LEAK,0.8,0.0
0.84,1510.29,958.1,1.0,LEAK,0.8,0.0
0.841,1510.0,962.05,1.0,LEAK,0.8,0.0
0.842,1505.76,958.05,1.0,LEAK,0.8,0.0
0.843,1512.19,964.99,1.0,LEAK,0.8,0.0
0.844,1512.75,965.77,1.0,LEAK,0.8,0.0
0.845,1516.31,971.64,1.0,LEAK,0.8,0.0
0.846,1509.15,965.45,1.0,LEAK,0.8,0.0
0.847,1507.23,970.47,1.0,LEAK,0.8,0.0
0.848,1511.42,976.05,1.0,LEAK,0.8,0.0
0.849,1512.48,962.54,1.0,LEAK,0.8,0.0
0.85,1510.6,968.65,1.0,LEAK,0.8,0.0
0.851,1510.74,959.6,1.0,LEAK,0.8,0.0
0.852,1512.85,958.91,1.0,LEAK,0.8,0.0
0.853,1512.83,976.26,1.0,LEAK,0.8,0.0
0.854,1508.62,961.88,1.0,LEAK,0.8,0.0
0.855,1501.37,961.78,1.0,LEAK,0.8,0.0
0.856,1509.13,966.88,1.0,LEAK,0.8,0.0
0.857,1506.58,962.31,1.0,LEAK,0.8,0.0
0.858,1508.04,964.82,1.0,LEAK,0.8,0.0
0.859,1513.75,968.47,1.0,LEAK,0.8,0.0
0.86,1512.98,968.44,1.0,LEAK,0.8,0.0
0.861,1503.23,976.71,1.0,LEAK,0.8,0.0
0.862,1510.17,969.26,1.0,LEAK,0.8,0.0
0.863,1513.02,966.05,1.0,LEAK,0.8,0.0
0.864,1512.9,967.03,1.0,LEAK,0.8,0.0
0.865,1512.86,969.7,1.0,LEAK,0.8,0.0
0.866,1504.55,969.43,1.0,LEAK,0.8,0.0
0.867,1504.28,963.6,1.0,LEAK,0.8,0.0
0.868,1506.54,966.01,1.0,LEAK,0.8,0.0
0.869,1508.83,962.69,1.0,LEAK,0.8,0.0
0.87,1506.07,958.7,1.0,LEAK,0.8,0.0
0.871,1507.42,968.37,1.0,LEAK,0.8,0.0
0.872,1505.73,962.31,1.0,LEAK,0.8,0.0
0.873,1509.28,960.85,1.0,LEAK,0.8,0.0
0.874,1509.67,969.05,1.0,LEAK,0.8,0.0
0.875,1505.89,965.63,1.0,LEAK,0.8,0.0
0.876,1506.95,970.89,1.0,LEAK,0.8,0.0
0.877,1506.21,961.64,1.0,LEAK,0.8,0.0
0.878,1511.47,969.39,1.0,LEAK,0.8,0.0
0.879,1505.62,962.52,1.0,LEAK,0.8,0.0
0.88,1499.94,976.23,1.0,LEAK,0.8,0.0
0.881,1502.05,960.08,1.0,LEAK,0.8,0.0
0.882,1499.19,964.68,1.0,LEAK,0.8,0.0
0.883,1501.12,962.33,1.0,LEAK,0.8,0.0
0.884,1506.78,961.32,1.0,LEAK,0.8,0.0
0.885,1507.85,965.88,1.0,LEAK,0.8,0.0
0.886,1503.91,970.25,1.0,LEAK,0.8,0.0
0.887,1503.32,964.28,1.0,LEAK,0.8,0.0
0.888,1503.25,961.17,1.0,LEAK,0.8,0.0
0.889,1504.76,966.56,1.0,LEAK,0.8,0.0
0.89,1502.75,976.22,1.0,LEAK,0.8,0.0
0.891,1507.85,966.98,1.0,LEAK,0.8,0.0
0.892,1504.81,968.47,1.0,LEAK,0.8,0.0
0.893,1499.07,966.8,1.0,LEAK,0.8,0.0
0.894,1494.63,961.81,1.0,LEAK,0.8,0.0
0.895,1502.5,961.9,1.0,LEAK,0.8,0.0
0.896,1501.67,969.26,1.0,LEAK,0.8,0.0
0.897,1501.98,966.66,1.0,LEAK,0.8,0.0
0.898,1502.84,966.26,1.0,LEAK,0.8,0.0
0.899,1501.93,966.58,1.0,LEAK,0.8,0.0
0.9,1498.1,966.17,1.0,LEAK,0.8,0.0
0.901,1499.45,971.69,1.0,LEAK,0.8,0.0
0.902,1498.89,967.3,1.0,LEAK,0.8,0.0
0.903,1495.71,964.15,1.0,LEAK,0.8,0.0
0.904,1500.55,958.79,1.0,LEAK,0.8,0.0
0.905,1496.9,968.62,1.0,LEAK,0.8,0.0
0.906,1492.01,955.88,1.0,LEAK,0.8,0.0
0.907,1499.27,964.59,1.0,LEAK,0.8,0.0
0.908,1496.2,967.27,1.0,LEAK,0.8,0.0
0.909,1490.4,966.39,1.0,LEAK,0.8,0.0
0.91,1497.73,956.11,1.0,LEAK,0.8,0.0
0.911,1496.66,971.82,1.0,LEAK,0.8,0.0
0.912,1493.64,964.38,1.0,LEAK,0.8,0.0
0.913,1492.34,963.07,1.0,LEAK,0.8,0.0
0.914,1495.82,964.42,1.0,LEAK,0.8,0.0
0.915,1496.55,964.17,1.0,LEAK,0.8,0.0
0.916,1494.04,970.3,1.0,LEAK,0.8,0.0
0.917,1497.48,963.34,1.0,LEAK,0.8,0.0
0.918,1493.63,962.83,1.0,LEAK,0.8,0.0
0.919,1494.46,967.48,1.0,LEAK,0.8,0.0
0.92,1495.58,960.38,1.0,LEAK,0.8,0.0
0.921,1495.27,965.11,1.0,LEAK,0.8,0.0
0.922,1492.27,974.13,1.0,LEAK,0.8,0.0
0.923,1490.96,957.32,1.0,LEAK,0.8,0.0
0.924,1492.94,953.71,1.0,LEAK,0.8,0.0
0.925,1497.19,960.22,1.0,LEAK,0.8,0.0
0.926,1489.88,966.63,1.0,LEAK,0.8,0.0
0.927,1497.54,952.93,1.0,LEAK,0.8,0.0
0.928,1494.78,969.06,1.0,LEAK,0.8,0.0
0.929,1490.63,965.46,1.0,LEAK,0.8,0.0
0.93,1491.87,973.34,1.0,LEAK,0.8,0.0
0.931,1488.36,962.35,1.0,LEAK,0.8,0.0
0.932,1484.01,963.36,1.0,LEAK,0.8,0.0
0.933,1491.56,971.72,1.0,LEAK,0.8,0.0
0.934,1491.63,956.72,1.0,LEAK,0.8,0.0
0.935,1487.35,964.79,1.0,LEAK,0.8,0.0
0.936,1490.85,950.4,1.0,LEAK,0.8,0.0
0.937,1491.64,966.85,1.0,LEAK,0.8,0.0
0.938,1492.32,960.78,1.0,LEAK,0.8,0.0
0.939,1485.57,969.0,1.0,LEAK,0.8,0.0
0.94,1487.57,965.47,1.0,LEAK,0.8,0.0
0.941,1491.8,968.26,1.0,LEAK,0.8,0.0
0.942,1491.33,969.96,1.0,LEAK,0.8,0.0
0.943,1490.21,969.7,1.0,LEAK,0.8,0.0
0.944,1493.9,968.67,1.0,LEAK,0.8,0.0
0.945,1491.75,967.79,1.0,LEAK,0.8,0.0
0.946,1490.19,965.7,1.0,LEAK,0.8,0.0
0.947,1489.64,971.6,1.0,LEAK,0.8,0.0
0.948,1489.91,969.28,1.0,LEAK,0.8,0.0
0.949,1489.31,961.65,1.0,LEAK,0.8,0.0
0.95,1487.66,965.16,1.0,LEAK,0.8,0.0
0.951,1487.69,960.43,1.0,LEAK,0.8,0.0
0.952,1490.81,966.08,1.0,LEAK,0.8,0.0
0.953,1487.27,957.69,1.0,LEAK,0.8,0.0
0.954,1494.61,965.5,1.0,LEAK,0.8,0.0
0.955,1487.29,973.52,1.0,LEAK,0.8,0.0
0.956,1488.34,971.39,1.0,LEAK,0.8,0.0
0.957,1487.65,964.91,1.0,LEAK,0.8,0.0
0.958,1485.4,964.05,1.0,LEAK,0.8,0.0
0.959,1488.26,965.13,1.0,LEAK,0.8,0.0
0.96,1492.0,962.58,1.0,LEAK,0.8,0.0
0.961,1494.72,968.89,1.0,LEAK,0.8,0.0
0.962,1488.42,961.64,1.0,LEAK,0.8,0.0
0.963,1488.41,966.87,1.0,LEAK,0.8,0.0
0.964,1486.55,964.14,1.0,LEAK,0.8,0.0
0.965,1489.84,971.25,1.0,LEAK,0.8,0.0
0.966,1486.85,965.23,1.0,LEAK,0.8,0.0
0.967,1489.41,955.21,1.0,LEAK,0.8,0.0
0.968,1489.08,960.46,1.0,LEAK,0.8,0.0
0.969,1487.75,966.48,1.0,LEAK,0.8,0.0
0.97,1492.71,971.45,1.0,LEAK,0.8,0.0
0.971,1496.15,970.1,1.0,LEAK,0.8,0.0
0.972,1492.03,968.22,1.0,LEAK,0.8,0.0
0.973,1493.88,959.27,1.0,LEAK,0.8,0.0
0.974,1495.41,961.92,1.0,LEAK,0.8,0.0
0.975,1492.26,967.23,1.0,LEAK,0.8,0.0
0.976,1490.64,966.94,1.0,LEAK,0.8,0.0
0.977,1495.87,960.24,1.0,LEAK,0.8,0.0
0.978,1493.92,970.44,1.0,LEAK,0.8,0.0
0.979,1491.87,967.16,1.0,LEAK,0.8,0.0
0.98,1496.14,958.15,1.0,LEAK,0.8,0.0
0.981,1492.48,971.52,1.0,LEAK,0.8,0.0
0.982,1491.51,958.14,1.0,LEAK,0.8,0.0
0.983,1494.14,973.79,1.0,LEAK,0.8,0.0
0.984,1493.9,962.73,1.0,LEAK,0.8,0.0
0.985,1499.65,968.16,1.0,LEAK,0.8,0.0
0.986,1495.1,969.28,1.0,LEAK,0.8,0.0
0.987,1492.24,970.52,1.0,LEAK,0.8,0.0
0.988,1498.82,962.63,1.0,LEAK,0.8,0.0
0.989,1494.79,962.18,1.0,LEAK,0.8,0.0
0.99,1497.14,961.08,1.0,LEAK,0.8,0.0
0.991,1502.26,963.52,1.0,LEAK,0.8,0.0
0.992,1501.66,966.88,1.0,LEAK,0.8,0.0
0.993,1492.48,968.71,1.0,LEAK,0.8,0.0
0.994,1497.73,959.95,1.0,LEAK,0.8,0.0
0.995,1493.43,968.19,1.0,LEAK,0.8,0.0
0.996,1501.73,972.17,1.0,LEAK,0.8,0.0
0.997,1496.15,968.07,1.0,LEAK,0.8,0.0
0.998,1502.09,964.58,1.0,LEAK,0.8,0.0
0.999,1498.75,961.27,1.0,LEAK,0.8,0.0
1.0,1495.85,969.31,1.0,LEAK,0.8,0.0
1.001,1503.58,962.55,1.0,LEAK,0.8,0.0
1.002,1495.36,956.81,1.0,LEAK,0.8,0.0
1.003,1498.34,970.1,1.0,LEAK,0.8,0.0
1.004,1498.71,972.46,1.0,LEAK,0.8,0.0
1.005,1501.45,964.26,1.0,LEAK,0.8,0.0
1.006,1499.83,966.42,1.0,LEAK,0.8,0.0
1.007,1499.23,963.36,1.0,LEAK,0.8,0.0
1.008,1501.87,961.07,1.0,LEAK,0.8,0.0
1.009,1503.69,975.1,1.0,LEAK,0.8,0.0
1.01,1502.3,959.95,1.0,LEAK,0.8,0.0
1.011,1501.7,957.49,1.0,LEAK,0.8,0.0
1.012,1498.0,962.44,1.0,LEAK,0.8,0.0
1.013,1495.14,959.16,1.0,LEAK,0.8,0.0
1.014,1502.67,971.72,1.0,LEAK,0.8,0.0
1.015,1503.2,961.38,1.0,LEAK,0.8,0.0
1.016,1503.4,969.31,1.0,LEAK,0.8,0.0
1.017,1502.5,965.08,1.0,LEAK,0.8,0.0
1.018,1510.31,966.27,1.0,LEAK,0.8,0.0
1.019,1504.43,970.08,1.0,LEAK,0.8,0.0
1.02,1510.15,965.78,1.0,LEAK,0.8,0.0
1.021,1501.95,975.02,1.0,LEAK,0.8,0.0
1.022,1511.36,966.58,1.0,LEAK,0.8,0.0
1.023,1507.81,952.69,1.0,LEAK,0.8,0.0
1.024,1511.86,969.75,1.0,LEAK,0.8,0.0
1.025,1511.78,968.09,1.0,LEAK,0.8,0.0
1.026,1506.18,964.56,1.0,LEAK,0.8,0.0
1.027,1503.75,966.96,1.0,LEAK,0.8,0.0
1.028,1507.04,963.29,1.0,LEAK,0.8,0.0
1.029,1508.74,963.68,1.0,LEAK,0.8,0.0
1.03,1502.57,970.84,1.0,LEAK,0.8,0.0
1.031,1507.23,968.27,1.0,LEAK,0.8,0.0
1.032,1512.0,966.75,1.0,LEAK,0.8,0.0
1.033,1511.54,961.37,1.0,LEAK,0.8,0.0
1.034,1508.9,966.19,1.0,LEAK,0.8,0.0
1.035,1507.37,973.55,1.0,LEAK,0.8,0.0
1.036,1510.29,970.44,1.0,LEAK,0.8,0.0
1.037,1507.92,967.64,1.0,LEAK,0.8,0.0
1.038,1508.26,966.61,1.0,LEAK,0.8,0.0
1.039,1510.45,964.12,1.0,LEAK,0.8,0.0
1.04,1504.53,955.65,1.0,LEAK,0.8,0.0
1.041,1507.67,965.94,1.0,LEAK,0.8,0.0
1.042,1515.1,964.12,1.0,LEAK,0.8,0.0
1.043,1510.87,963.36,1.0,LEAK,0.8,0.0
1.044,1514.55,979.28,1.0,LEAK,0.8,0.0
1.045,1516.42,967.78,1.0,LEAK,0.8,0.0
1.046,1508.3,960.71,1.0,LEAK,0.8,0.0
1.047,1512.36,968.57,1.0,LEAK,0.8,0.0
1.048,1512.8,960.9,1.0,LEAK,0.8,0.0
1.049,1510.38,959.9,1.0,LEAK,0.8,0.0
1.05,1509.37,968.17,1.0,LEAK,0.8,0.0
1.051,1509.19,965.83,1.0,LEAK,0.8,0.0
1.052,1514.46,957.18,1.0,LEAK,0.8,0.0
1.053,1511.76,966.02,1.0,LEAK,0.8,0.0
1.054,1506.02,961.73,1.0,LEAK,0.8,0.0
1.055,1508.57,966.25,1.0,LEAK,0.8,0.0
1.056,1511.85,965.29,1.0,LEAK,0.8,0.0
1.057,1508.58,971.93,1.0,LEAK,0.8,0.0
1.058,1508.65,964.71,1.0,LEAK,0.8,0.0
1.059,1503.96,958.34,1.0,LEAK,0.8,0.0
1.06,1509.77,968.43,1.0,LEAK,0.8,0.0
1.061,1507.69,964.8,1.0,LEAK,0.8,0.0
1.062,1508.62,969.21,1.0,LEAK,0.8,0.0
1.063,1503.79,965.08,1.0,LEAK,0.8,0.0
1.064,1514.36,962.75,1.0,LEAK,0.8,0.0
1.065,1505.49,969.81,1.0,LEAK,0.8,0.0
1.066,1503.78,967.56,1.0,LEAK,0.8,0.0
1.067,1511.66,980.31,1.0,LEAK,0.8,0.0
1.068,1511.94,961.14,1.0,LEAK,0.8,0.0
1.069,1505.74,964.73,1.0,LEAK,0.8,0.0
1.07,1505.56,955.35,1.0,LEAK,0.8,0.0
1.071,1506.61,960.23,1.0,LEAK,0.8,0.0
1.072,1508.53,967.5,1.0,LEAK,0.8,0.0
1.073,1504.73,967.84,1.0,LEAK,0.8,0.0
1.074,1504.59,972.42,1.0,LEAK,0.8,0.0
1.075,1502.1,968.79,1.0,LEAK,0.8,0.0
1.076,1505.34,958.65,1.0,LEAK,0.8,0.0
1.077,1504.84,972.89,1.0,LEAK,0.8,0.0
1.078,1507.64,960.08,1.0,LEAK,0.8,0.0
1.079,1506.99,972.86,1.0,LEAK,0.8,0.0
1.08,1502.47,963.28,1.0,LEAK,0.8,0.0
1.081,1509.03,975.8,1.0,LEAK,0.8,0.0
1.082,1501.35,969.1,1.0,LEAK,0.8,0.0
1.083,1503.76,978.79,1.0,LEAK,0.8,0.0
1.084,1512.31,967.46,1.0,LEAK,0.8,0.0
1.085,1501.78,963.4,1.0,LEAK,0.8,0.0
1.086,1502.61,959.95,1.0,LEAK,0.8,0.0
1.087,1503.03,963.3,1.0,LEAK,0.8,0.0
1.088,1499.32,961.99,1.0,LEAK,0.8,0.0
1.089,1505.47,956.7,1.0,LEAK,0.8,0.0
1.09,1501.45,966.39,1.0,LEAK,0.8,0.0
1.091,1500.69,960.49,1.0,LEAK,0.8,0.0
1.092,1498.35,966.15,1.0,LEAK,0.8,0.0
1.093,1502.61,970.91,1.0,LEAK,0.8,0.0
1.094,1502.46,954.54,1.0,LEAK,0.8,0.0
1.095,1501.14,966.92,1.0,LEAK,0.8,0.0
1.096,1499.78,968.2,1.0,LEAK,0.8,0.0
1.097,1497.36,964.61,1.0,LEAK,0.8,0.0
1.098,1499.43,959.64,1.0,LEAK,0.8,0.0
1.099,1500.32,974.76,1.0,LEAK,0.8,0.0
1.1,1495.74,971.18,1.0,LEAK,0.8,0.0
1.101,1496.89,967.46,1.0,LEAK,0.8,0.0
1.102,1503.19,964.16,1.0,LEAK,0.8,0.0
1.103,1502.1,964.47,1.0,LEAK,0.8,0.0
1.104,1503.27,964.06,1.0,LEAK,0.8,0.0
1.105,1501.21,956.53,1.0,LEAK,0.8,0.0
1.106,1497.81,967.57,1.0,LEAK,0.8,0.0
1.107,1494.9,965.85,1.0,LEAK,0.8,0.0
1.108,1488.39,963.22,1.0,LEAK,0.8,0.0
1.109,1501.52,955.53,1.0,LEAK,0.8,0.0
1.11,1495.27,958.19,1.0,LEAK,0.8,0.0
1.111,1498.62,965.54,1.0,LEAK,0.8,0.0
1.112,1497.44,965.42,1.0,LEAK,0.8,0.0
1.113,1495.05,971.05,1.0,LEAK,0.8,0.0
1.114,1496.2,966.66,1.0,LEAK,0.8,0.0
1.115,1497.99,959.42,1.0,LEAK,0.8,0.0
1.116,1494.53,971.18,1.0,LEAK,0.8,0.0
1.117,1493.3,967.34,1.0,LEAK,0.8,0.0
1.118,1490.45,966.22,1.0,LEAK,0.8,0.0
1.119,1498.08,962.84,1.0,LEAK,0.8,0.0
1.12,1497.95,963.71,1.0,LEAK,0.8,0.0
1.121,1497.2,966.42,1.0,LEAK,0.8,0.0
1.122,1493.9,968.77,1.0,LEAK,0.8,0.0
1.123,1490.73,956.71,1.0,LEAK,0.8,0.0
1.124,1490.0,968.34,1.0,LEAK,0.8,0.0
1.125,1494.36,961.53,1.0,LEAK,0.8,0.0
1.126,1491.83,965.64,1.0,LEAK,0.8,0.0
1.127,1489.56,970.74,1.0,LEAK,0.8,0.0
1.128,1496.66,961.88,1.0,LEAK,0.8,0.0
1.129,1493.05,960.2,1.0,LEAK,0.8,0.0
1.13,1493.73,960.51,1.0,LEAK,0.8,0.0
1.131,1494.6,966.88,1.0,LEAK,0.8,0.0
1.132,1492.28,968.34,1.0,LEAK,0.8,0.0
1.133,1491.61,971.0,1.0,LEAK,0.8,0.0
1.134,1487.87,966.67,1.0,LEAK,0.8,0.0
1.135,1490.46,967.45,1.0,LEAK,0.8,0.0
1.136,1493.16,972.91,1.0,LEAK,0.8,0.0
1.137,1486.72,964.26,1.0,LEAK,0.8,0.0
1.138,1489.02,961.36,1.0,LEAK,0.8,0.0
1.139,1491.59,960.68,1.0,LEAK,0.8,0.0
1.14,1485.13,971.78,1.0,LEAK,0.8,0.0
1.141,1486.26,957.24,1.0,LEAK,0.8,0.0
1.142,1491.37,958.56,1.0,LEAK,0.8,0.0
1.143,1495.21,969.33,1.0,LEAK,0.8,0.0
1.144,1495.64,968.63,1.0,LEAK,0.8,0.0
1.145,1492.91,963.36,1.0,LEAK,0.8,0.0
1.146,1495.64,962.02,1.0,LEAK,0.8,0.0
1.147,1489.18,963.67,1.0,LEAK,0.8,0.0
1.148,1488.71,967.4,1.0,LEAK,0.8,0.0
1.149,1493.16,968.64,1.0,LEAK,0.8,0.0
1.15,1491.02,958.9,1.0,LEAK,0.8,0.0
1.151,1484.06,972.46,1.0,LEAK,0.8,0.0
1.152,1495.66,959.81,1.0,LEAK,0.8,0.0
1.153,1492.96,967.87,1.0,LEAK,0.8,0.0
1.154,1489.46,977.41,1.0,LEAK,0.8,0.0
1.155,1493.9,965.68,1.0,LEAK,0.8,0.0
1.156,1489.68,970.61,1.0,LEAK,0.8,0.0
1.157,1489.72,962.74,1.0,LEAK,0.8,0.0
1.158,1484.93,964.9,1.0,LEAK,0.8,0.0
1.159,1494.51,966.23,1.0,LEAK,0.8,0.0
1.16,1492.45,967.86,1.0,LEAK,0.8,0.0
1.161,1487.43,965.03,1.0,LEAK,0.8,0.0
1.162,1493.43,968.58,1.0,LEAK,0.8,0.0
1.163,1491.84,971.07,1.0,LEAK,0.8,0.0
1.164,1488.35,958.54,1.0,LEAK,0.8,0.0
1.165,1492.87,966.25,1.0,LEAK,0.8,0.0
1.166,1488.88,976.37,1.0,LEAK,0.8,0.0
1.167,1493.39,968.14,1.0,LEAK,0.8,0.0
1.168,1491.37,962.96,1.0,LEAK,0.8,0.0
1.169,1495.57,967.99,1.0,LEAK,0.8,0.0
1.17,1491.56,963.44,1.0,LEAK,0.8,0.0
1.171,1489.39,969.26,1.0,LEAK,0.8,0.0
1.172,1486.23,961.07,1.0,LEAK,0.8,0.0
1.173,1489.65,969.9,1.0,LEAK,0.8,0.0
1.174,1488.6,964.04,1.0,LEAK,0.8,0.0
1.175,1488.98,970.11,1.0,LEAK,0.8,0.0
1.176,1485.33,967.78,1.0,LEAK,0.8,0.0
1.177,1492.61,966.77,1.0,LEAK,0.8,0.0
1.178,1494.12,968.65,1.0,LEAK,0.8,0.0
1.179,1489.41,958.03,1.0,LEAK,0.8,0.0
1.18,1494.61,960.24,1.0,LEAK,0.8,0.0
1.181,1490.27,965.74,1.0,LEAK,0.8,0.0
1.182,1500.16,965.82,1.0,LEAK,0.8,0.0
1.183,1493.33,966.14,1.0,LEAK,0.8,0.0
1.184,1494.32,969.19,1.0,LEAK,0.8,0.0
1.185,1497.21,974.89,1.0,LEAK,0.8,0.0
1.186,1494.58,970.6,1.0,LEAK,0.8,0.0
1.187,1492.67,968.52,1.0,LEAK,0.8,0.0
1.188,1494.42,964.29,1.0,LEAK,0.8,0.0
1.189,1497.67,963.49,1.0,LEAK,0.8,0.0
1.19,1493.2,974.46,1.0,LEAK,0.8,0.0
1.191,1496.7,969.57,1.0,LEAK,0.8,0.0
1.192,1496.91,972.59,1.0,LEAK,0.8,0.0
1.193,1498.86,962.68,1.0,LEAK,0.8,0.0
1.194,1492.27,960.69,1.0,LEAK,0.8,0.0
1.195,1495.92,966.04,1.0,LEAK,0.8,0.0
1.196,1499.5,963.21,1.0,LEAK,0.8,0.0
1.197,1495.86,967.62,1.0,LEAK,0.8,0.0
1.198,1503.02,968.09,1.0,LEAK,0.8,0.0
1.199,1497.02,965.59,1.0,LEAK,0.8,0.0
1.2,1499.72,960.39,1.0,LEAK,0.8,0.0
1.201,1501.66,961.65,1.0,LEAK,0.8,0.0
1.202,1498.5,951.15,1.0,LEAK,0.8,0.0
1.203,1500.31,967.25,1.0,LEAK,0.8,0.0
1.204,1498.92,961.34,1.0,LEAK,0.8,0.0
1.205,1501.56,960.91,1.0,LEAK,0.8,0.0
1.206,1504.07,964.94,1.0,LEAK,0.8,0.0
1.207,1502.61,972.69,1.0,LEAK,0.8,0.0
1.208,1505.0,965.81,1.0,LEAK,0.8,0.0
1.209,1505.09,965.09,1.0,LEAK,0.8,0.0
1.21,1502.9,963.6,1.0,LEAK,0.8,0.0
1.211,1494.38,969.98,1.0,LEAK,0.8,0.0
1.212,1498.21,971.29,1.0,LEAK,0.8,0.0
1.213,1506.36,963.88,1.0,LEAK,0.8,0.0
1.214,1504.69,964.18,1.0,LEAK,0.8,0.0
1.215,1508.23,963.58,1.0,LEAK,0.8,0.0
1.216,1505.69,959.84,1.0,LEAK,0.8,0.0
1.217,1509.89,964.88,1.0,LEAK,0.8,0.0
1.218,1503.36,971.12,1.0,LEAK,0.8,0.0
1.219,1506.1,963.04,1.0,LEAK,0.8,0.0
1.22,1501.93,973.92,1.0,LEAK,0.8,0.0
1.221,1510.25,972.41,1.0,LEAK,0.8,0.0
1.222,1510.93,966.04,1.0,LEAK,0.8,0.0
1.223,1500.78,966.9,1.0,LEAK,0.8,0.0
1.224,1505.08,958.41,1.0,LEAK,0.8,0.0
1.225,1506.55,962.43,1.0,LEAK,0.8,0.0
1.226,1506.33,959.47,1.0,LEAK,0.8,0.0
1.227,1503.83,960.37,1.0,LEAK,0.8,0.0
1.228,1508.24,970.98,1.0,LEAK,0.8,0.0
1.229,1504.51,965.65,1.0,LEAK,0.8,0.0
1.23,1503.98,958.89,1.0,LEAK,0.8,0.0
1.231,1508.09,957.75,1.0,LEAK,0.8,0.0
1.232,1511.11,970.72,1.0,LEAK,0.8,0.0
1.233,1511.79,967.81,1.0,LEAK,0.8,0.0
1.234,1510.04,956.86,1.0,LEAK,0.8,0.0
1.235,1505.62,957.87,1.0,LEAK,0.8,0.0
1.236,1505.97,967.0,1.0,LEAK,0.8,0.0
1.237,1512.09,966.29,1.0,LEAK,0.8,0.0
1.238,1512.07,965.66,1.0,LEAK,0.8,0.0
1.239,1504.92,963.06,1.0,LEAK,0.8,0.0
1.24,1512.1,966.97,1.0,LEAK,0.8,0.0
1.241,1511.26,962.86,1.0,LEAK,0.8,0.0
1.242,1509.66,970.84,1.0,LEAK,0.8,0.0
1.243,1510.66,969.39,1.0,LEAK,0.8,0.0
1.244,1511.09,968.35,1.0,LEAK,0.8,0.0
1.245,1514.08,970.77,1.0,LEAK,0.8,0.0
1.246,1508.54,970.31,1.0,LEAK,0.8,0.0
1.247,1504.69,967.88,1.0,LEAK,0.8,0.0
1.248,1507.96,962.67,1.0,LEAK,0.8,0.0
1.249,1507.9,968.0,1.0,LEAK,0.8,0.0
1.25,1509.19,970.64,1.0,LEAK,0.8,0.0
1.251,1511.34,966.64,1.0,LEAK,0.8,0.0
1.252,1513.36,972.75,1.0,LEAK,0.8,0.0
1.253,1510.75,969.95,1.0,LEAK,0.8,0.0
1.254,1507.76,970.99,1.0,LEAK,0.8,0.0
1.255,1509.5,973.98,1.0,LEAK,0.8,0.0
1.256,1511.56,971.55,1.0,LEAK,0.8,0.0
1.257,1509.87,961.34,1.0,LEAK,0.8,0.0
1.258,1511.39,969.59,1.0,LEAK,0.8,0.0
1.259,1508.05,964.93,1.0,LEAK,0.8,0.0
1.26,1511.79,969.76,1.0,LEAK,0.8,0.0
1.261,1506.94,961.44,1.0,LEAK,0.8,0.0
1.262,1507.0,969.1,1.0,LEAK,0.8,0.0
1.263,1504.92,971.33,1.0,LEAK,0.8,0.0
1.264,1506.34,969.14,1.0,LEAK,0.8,0.0
1.265,1507.31,964.25,1.0,LEAK,0.8,0.0
1.266,1505.62,968.32,1.0,LEAK,0.8,0.0
1.267,1510.07,966.67,1.0,LEAK,0.8,0.0
1.268,1504.9,967.67,1.0,LEAK,0.8,0.0
1.269,1510.86,970.28,1.0,LEAK,0.8,0.0
1.27,1512.62,958.6,1.0,LEAK,0.8,0.0
1.271,1501.84,957.46,1.0,LEAK,0.8,0.0
1.272,1509.28,971.1,1.0,LEAK,0.8,0.0
1.273,1506.66,969.18,1.0,LEAK,0.8,0.0
1.274,1506.07,964.77,1.0,LEAK,0.8,0.0
1.275,1508.9,975.24,1.0,LEAK,0.8,0.0
1.276,1504.74,977.56,1.0,LEAK,0.8,0.0
1.277,1503.23,968.13,1.0,LEAK,0.8,0.0
1.278,1501.78,971.0,1.0,LEAK,0.8,0.0
1.279,1506.22,963.56,1.0,LEAK,0.8,0.0
1.28,1501.16,960.09,1.0,LEAK,0.8,0.0
1.281,1507.71,961.68,1.0,LEAK,0.8,0.0
1.282,1503.3,968.64,1.0,LEAK,0.8,0.0
1.283,1508.48,964.63,1.0,LEAK,0.8,0.0
1.284,1501.62,970.88,1.0,LEAK,0.8,0.0
1.285,1500.29,966.67,1.0,LEAK,0.8,0.0
1.286,1501.16,966.36,1.0,LEAK,0.8,0.0
1.287,1504.02,973.52,1.0,LEAK,0.8,0.0
1.288,1503.29,961.22,1.0,LEAK,0.8,0.0
1.289,1503.9,967.05,1.0,LEAK,0.8,0.0
1.29,1503.24,966.62,1.0,LEAK,0.8,0.0
1.291,1501.21,969.03,1.0,LEAK,0.8,0.0
1.292,1499.37,962.77,1.0,LEAK,0.8,0.0
1.293,1501.73,960.73,1.0,LEAK,0.8,0.0
1.294,1501.94,966.07,1.0,LEAK,0.8,0.0
1.295,1497.29,960.98,1.0,LEAK,0.8,0.0
1.296,1500.78,963.21,1.0,LEAK,0.8,0.0
1.297,1501.6,966.62,1.0,LEAK,0.8,0.0
1.298,1495.04,962.81,1.0,LEAK,0.8,0.0
1.299,1501.57,965.4,1.0,LEAK,0.8,0.0
1.3,1499.3,967.09,1.0,LEAK,0.8,0.0
1.301,1499.77,977.26,1.0,LEAK,0.8,0.0
1.302,1495.96,962.28,1.0,LEAK,0.8,0.0
1.303,1496.37,966.13,1.0,LEAK,0.8,0.0
1.304,1496.25,965.3,1.0,LEAK,0.8,0.0
1.305,1496.0,966.95,1.0,LEAK,0.8,0.0
1.306,1498.7,956.16,1.0,LEAK,0.8,0.0
1.307,1499.28,966.98,1.0,LEAK,0.8,0.0
1.308,1502.79,957.39,1.0,LEAK,0.8,0.0
1.309,1493.32,970.15,1.0,LEAK,0.8,0.0
1.31,1499.62,965.21,1.0,LEAK,0.8,0.0
1.311,1500.6,967.3,1.0,LEAK,0.8,0.0
1.312,1496.72,960.03,1.0,LEAK,0.8,0.0
1.313,1499.38,969.5,1.0,LEAK,0.8,0.0
1.314,1498.77,970.19,1.0,LEAK,0.8,0.0
1.315,1497.28,966.63,1.0,LEAK,0.8,0.0
1.316,1488.73,965.08,1.0,LEAK,0.8,0.0
1.317,1492.69,967.81,1.0,LEAK,0.8,0.0
1.318,1493.47,970.93,1.0,LEAK,0.8,0.0
1.319,1496.22,975.05,1.0,LEAK,0.8,0.0
1.32,1498.98,960.2,1.0,LEAK,0.8,0.0
1.321,1495.81,964.77,1.0,LEAK,0.8,0.0
1.322,1490.12,964.83,1.0,LEAK,0.8,0.0
1.323,1493.39,969.67,1.0,LEAK,0.8,0.0
1.324,1493.31,960.25,1.0,LEAK,0.8,0.0
1.325,1491.32,957.36,1.0,LEAK,0.8,0.0
1.326,1495.17,957.9,1.0,LEAK,0.8,0.0
1.327,1489.96,968.74,1.0,LEAK,0.8,0.0
1.328,1493.65,964.87,1.0,LEAK,0.8,0.0
1.329,1493.82,956.31,1.0,LEAK,0.8,0.0
1.33,1489.99,966.33,1.0,LEAK,0.8,0.0
1.331,1491.49,968.75,1.0,LEAK,0.8,0.0
1.332,1490.92,960.84,1.0,LEAK,0.8,0.0
1.333,1494.59,964.79,1.0,LEAK,0.8,0.0
1.334,1490.31,964.15,1.0,LEAK,0.8,0.0
1.335,1483.53,961.6,1.0,LEAK,0.8,0.0
1.336,1484.34,969.57,1.0,LEAK,0.8,0.0
1.337,1498.52,963.42,1.0,LEAK,0.8,0.0
1.338,1492.49,962.34,1.0,LEAK,0.8,0.0
1.339,1487.72,961.1,1.0,LEAK,0.8,0.0
1.34,1495.24,961.6,1.0,LEAK,0.8,0.0
1.341,1491.43,967.52,1.0,LEAK,0.8,0.0
1.342,1488.76,964.91,1.0,LEAK,0.8,0.0
1.343,1487.46,960.52,1.0,LEAK,0.8,0.0
1.344,1485.97,965.46,1.0,LEAK,0.8,0.0
1.345,1493.57,963.06,1.0,LEAK,0.8,0.0
1.346,1491.46,972.1,1.0,LEAK,0.8,0.0
1.347,1492.95,963.75,1.0,LEAK,0.8,0.0
1.348,1490.74,965.73,1.0,LEAK,0.8,0.0
1.349,1488.52,958.25,1.0,LEAK,0.8,0.0
1.35,1489.21,961.26,1.0,LEAK,0.8,0.0
1.351,1490.15,968.74,1.0,LEAK,0.8,0.0
1.352,1491.83,970.98,1.0,LEAK,0.8,0.0
1.353,1491.22,968.64,1.0,LEAK,0.8,0.0
1.354,1493.16,969.08,1.0,LEAK,0.8,0.0
1.355,1486.11,970.07,1.0,LEAK,0.8,0.0
1.356,1484.86,961.33,1.0,LEAK,0.8,0.0
1.357,1487.75,969.14,1.0,LEAK,0.8,0.0
1.358,1487.7,958.72,1.0,LEAK,0.8,0.0
1.359,1489.93,964.37,1.0,LEAK,0.8,0.0
1.36,1487.72,970.6,1.0,LEAK,0.8,0.0
1.361,1488.32,964.51,1.0,LEAK,0.8,0.0
1.362,1492.23,966.67,1.0,LEAK,0.8,0.0
1.363,1490.62,966.92,1.0,LEAK,0.8,0.0
1.364,1491.51,973.3,1.0,LEAK,0.8,0.0
1.365,1493.08,972.1,1.0,LEAK,0.8,0.0
1.366,1493.15,967.91,1.0,LEAK,0.8,0.0
1.367,1494.42,966.59,1.0,LEAK,0.8,0.0
1.368,1491.83,960.26,1.0,LEAK,0.8,0.0
1.369,1491.36,960.44,1.0,LEAK,0.8,0.0
1.37,1491.83,964.94,1.0,LEAK,0.8,0.0
1.371,1492.43,965.91,1.0,LEAK,0.8,0.0
1.372,1493.4,964.49,1.0,LEAK,0.8,0.0
1.373,1489.82,972.15,1.0,LEAK,0.8,0.0
1.374,1493.5,972.91,1.0,LEAK,0.8,0.0
1.375,1486.98,958.74,1.0,LEAK,0.8,0.0
1.376,1492.78,965.75,1.0,LEAK,0.8,0.0
1.377,1496.01,967.4,1.0,LEAK,0.8,0.0
1.378,1496.56,953.6,1.0,LEAK,0.8,0.0
1.379,1488.84,965.09,1.0,LEAK,0.8,0.0
1.38,1491.06,965.11,1.0,LEAK,0.8,0.0
1.381,1491.26,965.38,1.0,LEAK,0.8,0.0
1.382,1500.6,966.73,1.0,LEAK,0.8,0.0
1.383,1497.86,963.17,1.0,LEAK,0.8,0.0
1.384,1499.33,966.23,1.0,LEAK,0.8,0.0
1.385,1500.63,963.44,1.0,LEAK,0.8,0.0
1.386,1493.89,975.75,1.0,LEAK,0.8,0.0
1.387,1496.92,967.15,1.0,LEAK,0.8,0.0
1.388,1493.42,970.5,1.0,LEAK,0.8,0.0
1.389,1491.29,960.25,1.0,LEAK,0.8,0.0
1.39,1496.42,971.71,1.0,LEAK,0.8,0.0
1.391,1502.06,959.44,1.0,LEAK,0.8,0.0
1.392,1493.15,960.73,1.0,LEAK,0.8,0.0
1.393,1497.57,960.09,1.0,LEAK,0.8,0.0
1.394,1500.78,969.24,1.0,LEAK,0.8,0.0
1.395,1495.96,967.54,1.0,LEAK,0.8,0.0
1.396,1497.77,965.01,1.0,LEAK,0.8,0.0
1.397,1493.85,964.37,1.0,LEAK,0.8,0.0
1.398,1495.09,962.85,1.0,LEAK,0.8,0.0
1.399,1501.68,969.96,1.0,LEAK,0.8,0.0
1.4,1499.16,961.74,1.0,LEAK,0.8,0.0
1.401,1496.4,970.32,1.0,LEAK,0.8,0.0
1.402,1502.19,960.91,1.0,LEAK,0.8,0.0
1.403,1502.1,966.56,1.0,LEAK,0.8,0.0
1.404,1497.87,972.83,1.0,LEAK,0.8,0.0
1.405,1499.6,967.53,1.0,LEAK,0.8,0.0
1.406,1507.73,957.02,1.0,LEAK,0.8,0.0
1.407,1502.12,964.33,1.0,LEAK,0.8,0.0
1.408,1510.1,970.2,1.0,LEAK,0.8,0.0
1.409,1501.74,973.4,1.0,LEAK,0.8,0.0
1.41,1501.36,964.13,1.0,LEAK,0.8,0.0
1.411,1497.06,962.07,1.0,LEAK,0.8,0.0
1.412,1505.19,972.85,1.0,LEAK,0.8,0.0
1.413,1503.3,958.02,1.0,LEAK,0.8,0.0
1.414,1496.89,964.01,1.0,LEAK,0.8,0.0
1.415,1501.12,967.47,1.0,LEAK,0.8,0.0
1.416,1503.77,963.27,1.0,LEAK,0.8,0.0
1.417,1500.67,970.26,1.0,LEAK,0.8,0.0
1.418,1507.04,965.91,1.0,LEAK,0.8,0.0
1.419,1504.27,965.94,1.0,LEAK,0.8,0.0
1.42,1501.49,965.84,1.0,LEAK,0.8,0.0
1.421,1504.72,951.88,1.0,LEAK,0.8,0.0
1.422,1506.89,961.1,1.0,LEAK,0.8,0.0
1.423,1511.63,967.45,1.0,LEAK,0.8,0.0
1.424,1510.93,958.96,1.0,LEAK,0.8,0.0
1.425,1511.6,962.11,1.0,LEAK,0.8,0.0
1.426,1511.96,959.56,1.0,LEAK,0.8,0.0
1.427,1509.79,968.99,1.0,LEAK,0.8,0.0
1.428,1507.03,963.03,1.0,LEAK,0.8,0.0
1.429,1508.85,969.84,1.0,LEAK,0.8,0.0
1.43,1505.91,967.74,1.0,LEAK,0.8,0.0
1.431,1508.79,961.56,1.0,LEAK,0.8,0.0
1.432,1507.87,971.22,1.0,LEAK,0.8,0.0
1.433,1511.24,968.03,1.0,LEAK,0.8,0.0
1.434,1509.88,957.32,1.0,LEAK,0.8,0.0
1.435,1511.44,969.38,1.0,LEAK,0.8,0.0
1.436,1508.48,961.42,1.0,LEAK,0.8,0.0
1.437,1507.09,962.12,1.0,LEAK,0.8,0.0
1.438,1510.39,971.72,1.0,LEAK,0.8,0.0
1.439,1510.77,963.42,1.0,LEAK,0.8,0.0
1.44,1505.19,964.72,1.0,LEAK,0.8,0.0
1.441,1512.33,972.23,1.0,LEAK,0.8,0.0
1.442,1509.89,959.57,1.0,LEAK,0.8,0.0
1.443,1508.57,973.13,1.0,LEAK,0.8,0.0
1.444,1506.49,976.26,1.0,LEAK,0.8,0.0
1.445,1511.05,965.72,1.0,LEAK,0.8,0.0
1.446,1510.72,964.55,1.0,LEAK,0.8,0.0
1.447,1510.57,952.91,1.0,LEAK,0.8,0.0
1.448,1510.51,951.54,1.0,LEAK,0.8,0.0
1.449,1509.36,977.05,1.0,LEAK,0.8,0.0
1.45,1510.82,971.56,1.0,LEAK,0.8,0.0
1.451,1510.76,959.24,1.0,LEAK,0.8,0.0
1.452,1515.87,971.65,1.0,LEAK,0.8,0.0
1.453,1508.43,968.42,1.0,LEAK,0.8,0.0
1.454,1516.12,966.32,1.0,LEAK,0.8,0.0
1.455,1499.74,963.66,1.0,LEAK,0.8,0.0
1.456,1507.44,971.63,1.0,LEAK,0.8,0.0
1.457,1509.44,960.82,1.0,LEAK,0.8,0.0
1.458,1516.25,959.15,1.0,LEAK,0.8,0.0
1.459,1510.09,961.01,1.0,LEAK,0.8,0.0
1.46,1510.13,962.61,1.0,LEAK,0.8,0.0
1.461,1509.94,968.47,1.0,LEAK,0.8,0.0
1.462,1503.61,968.58,1.0,LEAK,0.8,0.0
1.463,1511.64,963.83,1.0,LEAK,0.8,0.0
1.464,1510.09,963.26,1.0,LEAK,0.8,0.0
1.465,1508.92,967.3,1.0,LEAK,0.8,0.0
1.466,1514.32,958.94,1.0,LEAK,0.8,0.0
1.467,1510.96,969.03,1.0,LEAK,0.8,0.0
1.468,1508.39,973.48,1.0,LEAK,0.8,0.0
1.469,1508.78,969.76,1.0,LEAK,0.8,0.0
1.47,1506.75,970.41,1.0,LEAK,0.8,0.0
1.471,1507.21,962.86,1.0,LEAK,0.8,0.0
1.472,1505.22,973.8,1.0,LEAK,0.8,0.0
1.473,1507.71,969.88,1.0,LEAK,0.8,0.0
1.474,1505.37,958.96,1.0,LEAK,0.8,0.0
1.475,1507.66,971.15,1.0,LEAK,0.8,0.0
1.476,1506.9,971.84,1.0,LEAK,0.8,0.0
1.477,1506.97,963.97,1.0,LEAK,0.8,0.0
1.478,1502.79,970.22,1.0,LEAK,0.8,0.0
1.479,1514.72,962.62,1.0,LEAK,0.8,0.0
1.48,1508.6,966.31,1.0,LEAK,0.8,0.0
1.481,1507.78,957.12,1.0,LEAK,0.8,0.0
1.482,1506.59,964.94,1.0,LEAK,0.8,0.0
1.483,1506.53,966.85,1.0,LEAK,0.8,0.0
1.484,1507.33,968.7,1.0,LEAK,0.8,0.0
1.485,1501.7,964.73,1.0,LEAK,0.8,0.0
1.486,1503.48,960.89,1.0,LEAK,0.8,0.0
1.487,1499.76,963.97,1.0,LEAK,0.8,0.0
1.488,1506.81,970.13,1.0,LEAK,0.8,0.0
1.489,1504.5,967.49,1.0,LEAK,0.8,0.0
1.49,1506.18,966.47,1.0,LEAK,0.8,0.0
1.491,1506.79,964.59,1.0,LEAK,0.8,0.0
1.492,1502.77,976.9,1.0,LEAK,0.8,0.0
1.493,1504.93,966.15,1.0,LEAK,0.8,0.0
1.494,1495.85,977.63,1.0,LEAK,0.8,0.0
1.495,1499.55,967.07,1.0,LEAK,0.8,0.0
1.496,1505.72,971.52,1.0,LEAK,0.8,0.0
1.497,1500.47,966.86,1.0,LEAK,0.8,0.0
1.498,1501.7,963.97,1.0,LEAK,0.8,0.0
1.499,1501.0,958.25,1.0,LEAK,0.8,0.0
1.5,1497.49,966.39,1.0,LEAK,0.8,0.0
1.501,1498.43,968.06,1.0,LEAK,0.8,0.0
1.502,1498.29,961.97,1.0,LEAK,0.8,0.0
1.503,1496.26,957.21,1.0,LEAK,0.8,0.0
1.504,1497.48,964.03,1.0,LEAK,0.8,0.0
1.505,1498.37,964.26,1.0,LEAK,0.8,0.0
1.506,1492.66,972.66,1.0,LEAK,0.8,0.0
1.507,1498.31,965.27,1.0,LEAK,0.8,0.0
1.508,1495.47,963.68,1.0,LEAK,0.8,0.0
1.509,1495.39,961.9,1.0,LEAK,0.8,0.0
1.51,1496.38,973.08,1.0,LEAK,0.8,0.0
1.511,1496.85,961.28,1.0,LEAK,0.8,0.0
1.512,1496.6,956.82,1.0,LEAK,0.8,0.0
1.513,1494.71,974.23,1.0,LEAK,0.8,0.0
1.514,1491.26,961.39,1.0,LEAK,0.8,0.0
1.515,1495.52,967.07,1.0,LEAK,0.8,0.0
1.516,1489.36,965.97,1.0,LEAK,0.8,0.0
1.517,1490.91,966.68,1.0,LEAK,0.8,0.0
1.518,1492.94,963.44,1.0,LEAK,0.8,0.0
1.519,1493.52,964.49,1.0,LEAK,0.8,0.0
1.52,1488.58,962.29,1.0,LEAK,0.8,0.0
1.521,1496.33,963.06,1.0,LEAK,0.8,0.0
1.522,1491.3,964.58,1.0,LEAK,0.8,0.0
1.523,1490.26,959.3,1.0,LEAK,0.8,0.0
1.524,1496.32,969.0,1.0,LEAK,0.8,0.0
1.525,1491.76,967.12,1.0,LEAK,0.8,0.0
1.526,1493.55,963.87,1.0,LEAK,0.8,0.0
1.527,1494.28,958.94,1.0,LEAK,0.8,0.0
1.528,1489.99,972.93,1.0,LEAK,0.8,0.0
1.529,1490.57,968.27,1.0,LEAK,0.8,0.0
1.53,1494.14,969.7,1.0,LEAK,0.8,0.0
1.531,1490.84,965.7,1.0,LEAK,0.8,0.0
1.532,1493.44,968.93,1.0,LEAK,0.8,0.0
1.533,1492.51,968.06,1.0,LEAK,0.8,0.0
1.534,1488.64,962.59,1.0,LEAK,0.8,0.0
1.535,1489.95,958.78,1.0,LEAK,0.8,0.0
1.536,1493.23,977.63,1.0,LEAK,0.8,0.0
1.537,1492.23,961.08,1.0,LEAK,0.8,0.0
1.538,1490.25,963.74,1.0,LEAK,0.8,0.0
1.539,1496.69,964.21,1.0,LEAK,0.8,0.0
1.54,1489.83,965.29,1.0,LEAK,0.8,0.0
1.541,1489.77,964.89,1.0,LEAK,0.8,0.0
1.542,1483.23,971.69,1.0,LEAK,0.8,0.0
1.543,1488.63,970.45,1.0,LEAK,0.8,0.0
1.544,1491.3,970.74,1.0,LEAK,0.8,0.0
1.545,1491.43,961.05,1.0,LEAK,0.8,0.0
1.546,1495.6,968.5,1.0,LEAK,0.8,0.0
1.547,1490.11,967.76,1.0,LEAK,0.8,0.0
1.548,1485.17,969.61,1.0,LEAK,0.8,0.0
1.549,1492.26,961.15,1.0,LEAK,0.8,0.0
1.55,1495.19,957.35,1.0,LEAK,0.8,0.0
1.551,1492.38,970.45,1.0,LEAK,0.8,0.0
1.552,1492.36,959.53,1.0,LEAK,0.8,0.0
1.553,1487.81,963.15,1.0,LEAK,0.8,0.0
1.554,1494.73,964.85,1.0,LEAK,0.8,0.0
1.555,1490.16,948.78,1.0,LEAK,0.8,0.0
1.556,1484.9,969.55,1.0,LEAK,0.8,0.0
1.557,1499.31,962.23,1.0,LEAK,0.8,0.0
1.558,1496.64,969.1,1.0,LEAK,0.8,0.0
1.559,1490.67,968.46,1.0,LEAK,0.8,0.0
1.56,1490.79,962.99,1.0,LEAK,0.8,0.0
1.561,1490.38,965.78,1.0,LEAK,0.8,0.0
1.562,1488.52,968.23,1.0,LEAK,0.8,0.0
1.563,1491.66,968.12,1.0,LEAK,0.8,0.0
1.564,1492.14,968.56,1.0,LEAK,0.8,0.0
1.565,1495.28,969.53,1.0,LEAK,0.8,0.0
1.566,1488.25,969.65,1.0,LEAK,0.8,0.0
1.567,1492.63,957.7,1.0,LEAK,0.8,0.0
1.568,1492.02,966.55,1.0,LEAK,0.8,0.0
1.569,1488.68,967.37,1.0,LEAK,0.8,0.0
1.57,1493.27,964.7,1.0,LEAK,0.8,0.0
1.571,1495.24,966.18,1.0,LEAK,0.8,0.0
1.572,1495.09,962.76,1.0,LEAK,0.8,0.0
1.573,1498.64,964.34,1.0,LEAK,0.8,0.0
1.574,1490.5,969.5,1.0,LEAK,0.8,0.0
1.575,1490.62,972.56,1.0,LEAK,0.8,0.0
1.576,1492.91,968.99,1.0,LEAK,0.8,0.0
1.577,1494.17,953.95,1.0,LEAK,0.8,0.0
1.578,1494.88,967.87,1.0,LEAK,0.8,0.0
1.579,1495.29,968.35,1.0,LEAK,0.8,0.0
1.58,1492.15,970.01,1.0,LEAK,0.8,0.0
1.581,1494.06,962.55,1.0,LEAK,0.8,0.0
1.582,1494.22,970.0,1.0,LEAK,0.8,0.0
1.583,1494.49,965.94,1.0,LEAK,0.8,0.0
1.584,1496.77,959.76,1.0,LEAK,0.8,0.0
1.585,1497.83,961.7,1.0,LEAK,0.8,0.0
1.586,1495.47,973.11,1.0,LEAK,0.8,0.0
1.587,1497.09,964.6,1.0,LEAK,0.8,0.0
1.588,1496.07,956.06,1.0,LEAK,0.8,0.0
1.589,1490.61,964.23,1.0,LEAK,0.8,0.0
1.59,1498.08,965.6,1.0,LEAK,0.8,0.0
1.591,1496.66,962.12,1.0,LEAK,0.8,0.0
1.592,1496.4,966.83,1.0,LEAK,0.8,0.0
1.593,1503.77,965.9,1.0,LEAK,0.8,0.0
1.594,1500.11,962.45,1.0,LEAK,0.8,0.0
1.595,1505.92,959.79,1.0,LEAK,0.8,0.0
1.596,1499.89,958.41,1.0,LEAK,0.8,0.0
1.597,1498.02,968.26,1.0,LEAK,0.8,0.0
1.598,1496.57,962.32,1.0,LEAK,0.8,0.0
1.599,1495.75,962.62,1.0,LEAK,0.8,0.0
1.6,1496.74,966.54,1.0,LEAK,0.8,0.0
1.601,1495.24,968.0,1.0,LEAK,0.8,0.0
1.602,1505.26,969.12,1.0,LEAK,0.8,0.0
1.603,1499.3,965.37,1.0,LEAK,0.8,0.0
1.604,1498.81,958.97,1.0,LEAK,0.8,0.0
1.605,1506.22,964.62,1.0,LEAK,0.8,0.0
1.606,1503.13,966.27,1.0,LEAK,0.8,0.0
1.607,1501.52,965.2,1.0,LEAK,0.8,0.0
1.608,1502.42,957.36,1.0,LEAK,0.8,0.0
1.609,1501.58,963.68,1.0,LEAK,0.8,0.0
1.61,1508.12,965.46,1.0,LEAK,0.8,0.0
1.611,1501.36,964.34,1.0,LEAK,0.8,0.0
1.612,1499.43,965.93,1.0,LEAK,0.8,0.0
1.613,1505.54,954.2,1.0,LEAK,0.8,0.0
1.614,1504.97,964.85,1.0,LEAK,0.8,0.0
1.615,1504.48,968.85,1.0,LEAK,0.8,0.0
1.616,1501.54,963.78,1.0,LEAK,0.8,0.0
1.617,1508.53,958.9,1.0,LEAK,0.8,0.0
1.618,1505.4,966.62,1.0,LEAK,0.8,0.0
1.619,1506.36,963.46,1.0,LEAK,0.8,0.0
1.62,1502.83,965.44,1.0,LEAK,0.8,0.0
1.621,1507.0,957.98,1.0,LEAK,0.8,0.0
1.622,1513.14,964.58,1.0,LEAK,0.8,0.0
1.623,1505.42,961.01,1.0,LEAK,0.8,0.0
1.624,1502.22,964.23,1.0,LEAK,0.8,0.0
1.625,1504.6,965.85,1.0,LEAK,0.8,0.0
1.626,1514.11,965.49,1.0,LEAK,0.8,0.0
1.627,1506.13,969.09,1.0,LEAK,0.8,0.0
1.628,1509.93,966.39,1.0,LEAK,0.8,0.0
1.629,1504.57,961.0,1.0,LEAK,0.8,0.0
1.63,1511.44,966.11,1.0,LEAK,0.8,0.0
1.631,1503.5,968.01,1.0,LEAK,0.8,0.0
1.632,1506.94,961.71,1.0,LEAK,0.8,0.0
1.633,1507.98,968.65,1.0,LEAK,0.8,0.0
1.634,1511.36,962.87,1.0,LEAK,0.8,0.0
1.635,1508.79,963.88,1.0,LEAK,0.8,0.0
1.636,1506.22,962.77,1.0,LEAK,0.8,0.0
1.637,1505.7,956.57,1.0,LEAK,0.8,0.0
1.638,1511.71,972.02,1.0,LEAK,0.8,0.0
1.639,1507.22,960.36,1.0,LEAK,0.8,0.0
1.64,1511.2,960.81,1.0,LEAK,0.8,0.0
1.641,1507.17,965.36,1.0,LEAK,0.8,0.0
1.642,1506.45,970.32,1.0,LEAK,0.8,0.0
1.643,1510.96,965.24,1.0,LEAK,0.8,0.0
1.644,1506.26,965.79,1.0,LEAK,0.8,0.0
1.645,1506.78,963.38,1.0,LEAK,0.8,0.0
1.646,1506.28,966.99,1.0,LEAK,0.8,0.0
1.647,1509.37,969.34,1.0,LEAK,0.8,0.0
1.648,1507.6,958.9,1.0,LEAK,0.8,0.0
1.649,1502.99,958.09,1.0,LEAK,0.8,0.0
1.65,1512.17,968.62,1.0,LEAK,0.8,0.0
1.651,1511.67,961.35,1.0,LEAK,0.8,0.0
1.652,1512.59,964.95,1.0,LEAK,0.8,0.0
1.653,1507.85,972.26,1.0,LEAK,0.8,0.0
1.654,1505.14,964.18,1.0,LEAK,0.8,0.0
1.655,1505.51,968.75,1.0,LEAK,0.8,0.0
1.656,1508.6,964.55,1.0,LEAK,0.8,0.0
1.657,1509.63,965.9,1.0,LEAK,0.8,0.0
1.658,1511.91,959.92,1.0,LEAK,0.8,0.0
1.659,1513.28,965.22,1.0,LEAK,0.8,0.0
1.66,1513.93,970.37,1.0,LEAK,0.8,0.0
1.661,1508.21,966.89,1.0,LEAK,0.8,0.0
1.662,1510.19,967.2,1.0,LEAK,0.8,0.0
1.663,1509.73,965.71,1.0,LEAK,0.8,0.0
1.664,1509.23,960.92,1.0,LEAK,0.8,0.0
1.665,1507.04,967.44,1.0,LEAK,0.8,0.0
1.666,1512.71,967.24,1.0,LEAK,0.8,0.0
1.667,1509.67,965.81,1.0,LEAK,0.8,0.0
1.668,1510.2,971.43,1.0,LEAK,0.8,0.0
1.669,1506.28,965.78,1.0,LEAK,0.8,0.0
1.67,1504.71,965.66,1.0,LEAK,0.8,0.0
1.671,1509.22,963.08,1.0,LEAK,0.8,0.0
1.672,1507.4,964.95,1.0,LEAK,0.8,0.0
1.673,1504.83,967.66,1.0,LEAK,0.8,0.0
1.674,1507.28,968.47,1.0,LEAK,0.8,0.0
1.675,1504.97,961.65,1.0,LEAK,0.8,0.0
1.676,1513.91,959.68,1.0,LEAK,0.8,0.0
1.677,1508.11,971.1,1.0,LEAK,0.8,0.0
1.678,1508.3,958.28,1.0,LEAK,0.8,0.0
1.679,1508.25,959.18,1.0,LEAK,0.8,0.0
1.68,1506.21,960.54,1.0,LEAK,0.8,0.0
1.681,1506.46,970.62,1.0,LEAK,0.8,0.0
1.682,1502.63,968.71,1.0,LEAK,0.8,0.0
1.683,1500.27,971.07,1.0,LEAK,0.8,0.0
1.684,1508.27,966.38,1.0,LEAK,0.8,0.0
1.685,1499.57,957.26,1.0,LEAK,0.8,0.0
1.686,1506.2,962.81,1.0,LEAK,0.8,0.0
1.687,1504.94,964.61,1.0,LEAK,0.8,0.0
1.688,1499.04,961.77,1.0,LEAK,0.8,0.0
1.689,1501.06,963.81,1.0,LEAK,0.8,0.0
1.69,1503.88,961.22,1.0,LEAK,0.8,0.0
1.691,1507.9,959.36,1.0,LEAK,0.8,0.0
1.692,1501.15,959.33,1.0,LEAK,0.8,0.0
1.693,1501.84,962.18,1.0,LEAK,0.8,0.0
1.694,1507.5,956.93,1.0,LEAK,0.8,0.0
1.695,1501.57,969.19,1.0,LEAK,0.8,0.0
1.696,1501.05,948.66,1.0,LEAK,0.8,0.0
1.697,1501.62,966.78,1.0,LEAK,0.8,0.0
1.698,1507.86,965.03,1.0,LEAK,0.8,0.0
1.699,1504.33,968.16,1.0,LEAK,0.8,0.0
1.7,1498.05,956.56,1.0,LEAK,0.8,0.0
1.701,1498.61,959.03,1.0,LEAK,0.8,0.0
1.702,1504.62,962.12,1.0,LEAK,0.8,0.0
1.703,1499.66,966.5,1.0,LEAK,0.8,0.0
1.704,1500.46,970.83,1.0,LEAK,0.8,0.0
1.705,1497.5,966.38,1.0,LEAK,0.8,0.0
1.706,1497.84,973.21,1.0,LEAK,0.8,0.0
1.707,1497.59,967.05,1.0,LEAK,0.8,0.0
1.708,1492.82,965.68,1.0,LEAK,0.8,0.0
1.709,1498.23,959.46,1.0,LEAK,0.8,0.0
1.71,1493.59,959.71,1.0,LEAK,0.8,0.0
1.711,1493.28,968.76,1.0,LEAK,0.8,0.0
1.712,1495.93,964.42,1.0,LEAK,0.8,0.0
1.713,1498.05,970.75,1.0,LEAK,0.8,0.0
1.714,1496.15,972.24,1.0,LEAK,0.8,0.0
1.715,1498.03,968.25,1.0,LEAK,0.8,0.0
1.716,1497.73,961.04,1.0,LEAK,0.8,0.0
1.717,1494.04,962.89,1.0,LEAK,0.8,0.0
1.718,1495.8,976.27,1.0,LEAK,0.8,0.0
1.719,1495.12,965.49,1.0,LEAK,0.8,0.0
1.72,1489.36,964.2,1.0,LEAK,0.8,0.0
1.721,1494.46,963.87,1.0,LEAK,0.8,0.0
1.722,1492.76,971.63,1.0,LEAK,0.8,0.0
1.723,1491.02,959.51,1.0,LEAK,0.8,0.0
1.724,1496.71,971.31,1.0,LEAK,0.8,0.0
1.725,1494.16,965.03,1.0,LEAK,0.8,0.0
1.726,1493.4,961.41,1.0,LEAK,0.8,0.0
1.727,1497.95,964.19,1.0,LEAK,0.8,0.0
1.728,1492.16,972.27,1.0,LEAK,0.8,0.0
1.729,1494.83,962.21,1.0,LEAK,0.8,0.0
1.73,1492.17,969.0,1.0,LEAK,0.8,0.0
1.731,1491.48,959.68,1.0,LEAK,0.8,0.0
1.732,1490.34,964.47,1.0,LEAK,0.8,0.0
1.733,1490.18,962.7,1.0,LEAK,0.8,0.0
1.734,1489.86,965.29,1.0,LEAK,0.8,0.0
1.735,1494.06,965.95,1.0,LEAK,0.8,0.0
1.736,1490.72,964.4,1.0,LEAK,0.8,0.0
1.737,1492.9,968.72,1.0,LEAK,0.8,0.0
1.738,1489.74,965.76,1.0,LEAK,0.8,0.0
1.739,1493.0,959.63,1.0,LEAK,0.8,0.0
1.74,1493.96,968.33,1.0,LEAK,0.8,0.0
1.741,1493.37,969.79,1.0,LEAK,0.8,0.0
1.742,1488.16,969.82,1.0,LEAK,0.8,0.0
1.743,1487.42,971.94,1.0,LEAK,0.8,0.0
1.744,1493.97,964.79,1.0,LEAK,0.8,0.0
1.745,1486.03,969.31,1.0,LEAK,0.8,0.0
1.746,1490.37,962.65,1.0,LEAK,0.8,0.0
1.747,1488.39,971.7,1.0,LEAK,0.8,0.0
1.748,1486.59,962.54,1.0,LEAK,0.8,0.0
1.749,1486.25,965.25,1.0,LEAK,0.8,0.0
1.75,1489.13,968.32,1.0,LEAK,0.8,0.0
1.751,1489.1,956.06,1.0,LEAK,0.8,0.0
1.752,1488.49,962.98,1.0,LEAK,0.8,0.0
1.753,1493.69,962.38,1.0,LEAK,0.8,0.0
1.754,1492.47,961.17,1.0,LEAK,0.8,0.0
1.755,1487.87,960.97,1.0,LEAK,0.8,0.0
1.756,1485.75,961.67,1.0,LEAK,0.8,0.0
1.757,1486.17,957.09,1.0,LEAK,0.8,0.0
1.758,1494.2,965.44,1.0,LEAK,0.8,0.0
1.759,1492.93,963.22,1.0,LEAK,0.8,0.0
1.76,1491.6,963.66,1.0,LEAK,0.8,0.0
1.761,1489.91,954.17,1.0,LEAK,0.8,0.0
1.762,1487.07,968.57,1.0,LEAK,0.8,0.0
1.763,1494.14,969.81,1.0,LEAK,0.8,0.0
1.764,1488.42,961.62,1.0,LEAK,0.8,0.0
1.765,1492.26,956.76,1.0,LEAK,0.8,0.0
1.766,1492.5,964.95,1.0,LEAK,0.8,0.0
1.767,1494.63,957.91,1.0,LEAK,0.8,0.0
1.768,1494.05,957.33,1.0,LEAK,0.8,0.0
1.769,1491.25,970.05,1.0,LEAK,0.8,0.0
1.77,1495.94,970.86,1.0,LEAK,0.8,0.0
1.771,1495.9,967.26,1.0,LEAK,0.8,0.0
1.772,1489.11,957.11,1.0,LEAK,0.8,0.0
1.773,1487.81,974.45,1.0,LEAK,0.8,0.0
1.774,1493.35,965.51,1.0,LEAK,0.8,0.0
1.775,1498.25,956.31,1.0,LEAK,0.8,0.0
1.776,1489.93,970.53,1.0,LEAK,0.8,0.0
1.777,1495.38,966.16,1.0,LEAK,0.8,0.0
1.778,1493.12,963.83,1.0,LEAK,0.8,0.0
1.779,1495.47,964.38,1.0,LEAK,0.8,0.0
1.78,1494.07,965.71,1.0,LEAK,0.8,0.0
1.781,1491.04,967.41,1.0,LEAK,0.8,0.0
1.782,1494.04,966.45,1.0,LEAK,0.8,0.0
1.783,1493.66,969.91,1.0,LEAK,0.8,0.0
1.784,1493.9,962.2,1.0,LEAK,0.8,0.0
1.785,1494.53,967.56,1.0,LEAK,0.8,0.0
1.786,1493.25,968.7,1.0,LEAK,0.8,0.0
1.787,1498.48,969.15,1.0,LEAK,0.8,0.0
1.788,1497.81,963.64,1.0,LEAK,0.8,0.0
1.789,1500.71,969.57,1.0,LEAK,0.8,0.0
1.79,1493.65,961.27,1.0,LEAK,0.8,0.0
1.791,1493.96,958.27,1.0,LEAK,0.8,0.0
1.792,1493.86,966.9,1.0,LEAK,0.8,0.0
1.793,1497.33,968.86,1.0,LEAK,0.8,0.0
1.794,1500.08,963.66,1.0,LEAK,0.8,0.0
1.795,1496.44,968.67,1.0,LEAK,0.8,0.0
1.796,1499.31,960.36,1.0,LEAK,0.8,0.0
1.797,1502.56,965.25,1.0,LEAK,0.8,0.0
1.798,1494.53,961.06,1.0,LEAK,0.8,0.0
1.799,1500.33,968.14,1.0,LEAK,0.8,0.0
1.8,1500.3,1265.6,0.0,LEAK,0.8,0.0
1.801,1505.71,1236.61,0.0,LEAK,0.8,0.0
1.802,1503.35,1208.56,0.0,LEAK,0.8,0.0
1.803,1502.57,1181.42,0.0,LEAK,0.8,0.0
1.804,1497.82,1155.16,0.0,LEAK,0.8,0.0
1.805,1500.4,1129.76,0.0,LEAK,0.8,0.0
1.806,1498.62,1105.18,0.0,LEAK,0.8,0.0
1.807,1496.68,1081.4,0.0,LEAK,0.8,0.0
1.808,1501.45,1058.39,0.0,LEAK,0.8,0.0
1.809,1501.18,1036.12,0.0,LEAK,0.8,0.0
1.81,1505.79,1014.58,0.0,LEAK,0.8,0.0
1.811,1505.87,993.74,0.0,LEAK,0.8,0.0
1.812,1498.14,973.57,0.0,LEAK,0.8,0.0
1.813,1504.0,954.05,0.0,LEAK,0.8,0.0
1.814,1502.96,935.16,0.0,LEAK,0.8,0.0
1.815,1506.62,916.88,0.0,LEAK,0.8,0.0
1.816,1506.56,899.2,0.0,LEAK,0.8,0.0
1.817,1508.49,882.08,0.0,LEAK,0.8,0.0
1.818,1501.65,865.52,0.0,LEAK,0.8,0.0
1.819,1509.72,849.48,0.0,LEAK,0.8,0.0
1.82,1504.71,833.97,0.0,LEAK,0.8,0.0
1.821,1504.66,818.95,0.0,LEAK,0.8,0.0
1.822,1503.34,804.42,0.0,LEAK,0.8,0.0
1.823,1510.45,790.35,0.0,LEAK,0.8,0.0
1.824,1505.48,776.73,0.0,LEAK,0.8,0.0
1.825,1506.53,763.55,0.0,LEAK,0.8,0.0
1.826,1507.57,750.79,0.0,LEAK,0.8,0.0
1.827,1507.91,738.44,0.0,LEAK,0.8,0.0
1.828,1508.18,726.48,0.0,LEAK,0.8,0.0
1.829,1506.67,714.91,0.0,LEAK,0.8,0.0
1.83,1505.72,703.7,0.0,LEAK,0.8,0.0
1.831,1506.32,692.85,0.0,LEAK,0.8,0.0
1.832,1514.95,682.35,0.0,LEAK,0.8,0.0
1.833,1510.62,672.18,0.0,LEAK,0.8,0.0
1.834,1508.69,662.33,0.0,LEAK,0.8,0.0
1.835,1510.09,652.8,0.0,LEAK,0.8,0.0
1.836,1506.41,643.56,0.0,LEAK,0.8,0.0
1.837,1509.88,634.62,0.0,LEAK,0.8,0.0
1.838,1502.11,625.96,0.0,LEAK,0.8,0.0
1.839,1513.03,617.57,0.0,LEAK,0.8,0.0
1.84,1512.36,609.45,0.0,LEAK,0.8,0.0
1.841,1509.2,601.58,0.0,LEAK,0.8,0.0
1.842,1509.44,593.96,0.0,LEAK,0.8,0.0
1.843,1508.38,586.58,0.0,LEAK,0.8,0.0
1.844,1506.17,579.43,0.0,LEAK,0.8,0.0
1.845,1515.32,572.5,0.0,LEAK,0.8,0.0
1.846,1515.75,565.79,0.0,LEAK,0.8,0.0
1.847,1511.45,559.29,0.0,LEAK,0.8,0.0
1.848,1507.35,552.99,0.0,LEAK,0.8,0.0
1.849,1511.12,546.88,0.0,LEAK,0.8,0.0
1.85,1506.25,540.96,0.0,LEAK,0.8,0.0
1.851,1513.17,535.23,0.0,LEAK,0.8,0.0
1.852,1508.27,529.67,0.0,LEAK,0.8,0.0
1.853,1511.04,524.28,0.0,LEAK,0.8,0.0
1.854,1506.84,519.06,0.0,LEAK,0.8,0.0
1.855,1510.14,514.0,0.0,LEAK,0.8,0.0
1.856,1510.69,509.09,0.0,LEAK,0.8,0.0
1.857,1514.42,504.33,0.0,LEAK,0.8,0.0
1.858,1509.45,499.72,0.0,LEAK,0.8,0.0
1.859,1502.99,495.25,0.0,LEAK,0.8,0.0
1.86,1501.73,490.91,0.0,LEAK,0.8,0.0
1.861,1508.67,486.7,0.0,LEAK,0.8,0.0
1.862,1510.34,482.62,0.0,LEAK,0.8,0.0
1.863,1507.46,478.66,0.0,LEAK,0.8,0.0
1.864,1506.65,474.82,0.0,LEAK,0.8,0.0
1.865,1510.06,471.09,0.0,LEAK,0.8,0.0
1.866,1509.57,467.48,0.0,LEAK,0.8,0.0
1.867,1509.54,463.97,0.0,LEAK,0.8,0.0
1.868,1511.35,460.56,0.0,LEAK,0.8,0.0
1.869,1512.18,457.26,0.0,LEAK,0.8,0.0
1.87,1505.69,454.05,0.0,LEAK,0.8,0.0
1.871,1512.37,450.93,0.0,LEAK,0.8,0.0
1.872,1504.85,447.91,0.0,LEAK,0.8,0.0
1.873,1503.53,444.97,0.0,LEAK,0.8,0.0
1.874,1506.08,442.12,0.0,LEAK,0.8,0.0
1.875,1509.17,439.35,0.0,LEAK,0.8,0.0
1.876,1508.31,436.66,0.0,LEAK,0.8,0.0
1.877,1509.14,434.04,0.0,LEAK,0.8,0.0
1.878,1506.94,431.5,0.0,LEAK,0.8,0.0
1.879,1501.98,429.03,0.0,LEAK,0.8,0.0
1.88,1504.58,426.64,0.0,LEAK,0.8,0.0
1.881,1505.65,424.3,0.0,LEAK,0.8,0.0
1.882,1508.92,422.04,0.0,LEAK,0.8,0.0
1.883,1501.43,419.83,0.0,LEAK,0.8,0.0
1.884,1501.59,417.69,0.0,LEAK,0.8,0.0
1.885,1505.02,415.6,0.0,LEAK,0.8,0.0
1.886,1504.22,413.57,0.0,LEAK,0.8,0.0
1.887,1501.39,411.6,0.0,LEAK,0.8,0.0
1.888,1503.86,409.68,0.0,LEAK,0.8,0.0
1.889,1505.72,407.81,0.0,LEAK,0.8,0.0
1.89,1502.26,405.99,0.0,LEAK,0.8,0.0
1.891,1498.08,404.22,0.0,LEAK,0.8,0.0
1.892,1507.58,402.5,0.0,LEAK,0.8,0.0
1.893,1502.14,400.82,0.0,LEAK,0.8,0.0
1.894,1503.45,399.18,0.0,LEAK,0.8,0.0
1.895,1501.32,397.59,0.0,LEAK,0.8,0.0
1.896,1495.91,396.04,0.0,LEAK,0.8,0.0
1.897,1499.87,394.52,0.0,LEAK,0.8,0.0
1.898,1503.51,393.05,0.0,LEAK,0.8,0.0
1.899,1505.23,391.61,0.0,LEAK,0.8,0.0
1.9,1500.07,390.21,0.0,LEAK,0.8,0.0
1.901,1497.02,388.84,0.0,LEAK,0.8,0.0
1.902,1502.72,387.5,0.0,LEAK,0.8,0.0
1.903,1490.8,386.2,0.0,LEAK,0.8,0.0
1.904,1497.02,384.93,0.0,LEAK,0.8,0.0
1.905,1497.2,383.69,0.0,LEAK,0.8,0.0
1.906,1498.55,382.48,0.0,LEAK,0.8,0.0
1.907,1497.99,381.29,0.0,LEAK,0.8,0.0
1.908,1497.08,380.14,0.0,LEAK,0.8,0.0
1.909,1498.27,379.01,0.0,LEAK,0.8,0.0
1.91,1494.17,377.91,0.0,LEAK,0.8,0.0
1.911,1496.13,376.83,0.0,LEAK,0.8,0.0
1.912,1497.68,375.77,0.0,LEAK,0.8,0.0
1.913,1497.44,374.74,0.0,LEAK,0.8,0.0
1.914,1491.64,373.73,0.0,LEAK,0.8,0.0
1.915,1492.81,372.74,0.0,LEAK,0.8,0.0
1.916,1492.9,371.78,0.0,LEAK,0.8,0.0
1.917,1492.93,370.83,0.0,LEAK,0.8,0.0
1.918,1492.49,369.91,0.0,LEAK,0.8,0.0
1.919,1491.62,369.0,0.0,LEAK,0.8,0.0
1.92,1492.85,368.11,0.0,LEAK,0.8,0.0
1.921,1493.94,367.24,0.0,LEAK,0.8,0.0
1.922,1491.48,366.39,0.0,LEAK,0.8,0.0
1.923,1494.59,365.55,0.0,LEAK,0.8,0.0
1.924,1496.2,364.73,0.0,LEAK,0.8,0.0
1.925,1495.21,363.93,0.0,LEAK,0.8,0.0
1.926,1490.94,363.14,0.0,LEAK,0.8,0.0
1.927,1486.06,362.36,0.0,LEAK,0.8,0.0
1.928,1497.02,361.6,0.0,LEAK,0.8,0.0
1.929,1493.94,360.85,0.0,LEAK,0.8,0.0
1.93,1491.09,360.12,0.0,LEAK,0.8,0.0
1.931,1483.66,359.4,0.0,LEAK,0.8,0.0
1.932,1495.06,358.69,0.0,LEAK,0.8,0.0
1.933,1488.0,358.0,0.0,LEAK,0.8,0.0
1.934,1489.44,357.31,0.0,LEAK,0.8,0.0
1.935,1496.47,356.64,0.0,LEAK,0.8,0.0
1.936,1491.96,355.98,0.0,LEAK,0.8,0.0
1.937,1493.49,355.33,0.0,LEAK,0.8,0.0
1.938,1487.83,354.69,0.0,LEAK,0.8,0.0
1.939,1490.52,354.06,0.0,LEAK,0.8,0.0
1.94,1493.67,353.44,0.0,LEAK,0.8,0.0
1.941,1493.06,352.83,0.0,LEAK,0.8,0.0
1.942,1487.34,352.22,0.0,LEAK,0.8,0.0
1.943,1490.13,351.63,0.0,LEAK,0.8,0.0
1.944,1487.01,351.05,0.0,LEAK,0.8,0.0
1.945,1490.66,350.47,0.0,LEAK,0.8,0.0
1.946,1491.18,349.9,0.0,LEAK,0.8,0.0
1.947,1487.09,349.34,0.0,LEAK,0.8,0.0
1.948,1487.76,348.79,0.0,LEAK,0.8,0.0
1.949,1489.19,348.24,0.0,LEAK,0.8,0.0
1.95,1488.38,343.84,0.0,LEAK,0.8,0.0
1.951,1488.71,341.98,0.0,LEAK,0.8,0.0
1.952,1495.71,340.11,0.0,LEAK,0.8,0.0
1.953,1490.55,343.12,0.0,LEAK,0.8,0.0
1.954,1487.98,341.71,0.0,LEAK,0.8,0.0
1.955,1491.44,339.4,0.0,LEAK,0.8,0.0
1.956,1489.45,340.14,0.0,LEAK,0.8,0.0
1.957,1488.54,338.36,0.0,LEAK,0.8,0.0
1.958,1490.68,337.15,0.0,LEAK,0.8,0.0
1.959,1486.01,336.81,0.0,LEAK,0.8,0.0
1.96,1486.63,338.38,0.0,LEAK,0.8,0.0
1.961,1495.42,339.24,0.0,LEAK,0.8,0.0
1.962,1490.65,337.74,0.0,LEAK,0.8,0.0
1.963,1487.33,335.96,0.0,LEAK,0.8,0.0
1.964,1484.68,338.41,0.0,LEAK,0.8,0.0
1.965,1492.15,335.1,0.0,LEAK,0.8,0.0
1.966,1490.52,336.63,0.0,LEAK,0.8,0.0
1.967,1486.4,336.16,0.0,LEAK,0.8,0.0
1.968,1492.13,338.64,0.0,LEAK,0.8,0.0
1.969,1492.37,333.91,0.0,LEAK,0.8,0.0
1.97,1490.48,334.06,0.0,LEAK,0.8,0.0
1.971,1495.02,332.59,0.0,LEAK,0.8,0.0
1.972,1495.01,334.31,0.0,LEAK,0.8,0.0
1.973,1488.08,331.91,0.0,LEAK,0.8,0.0
1.974,1488.47,331.33,0.0,LEAK,0.8,0.0
1.975,1490.54,333.59,0.0,LEAK,0.8,0.0
1.976,1492.45,334.68,0.0,LEAK,0.8,0.0
1.977,1495.49,333.07,0.0,LEAK,0.8,0.0
1.978,1494.79,332.38,0.0,LEAK,0.8,0.0
1.979,1492.5,333.36,0.0,LEAK,0.8,0.0
1.98,1491.93,331.62,0.0,LEAK,0.8,0.0
1.981,1494.88,330.75,0.0,LEAK,0.8,0.0
1.982,1496.36,332.91,0.0,LEAK,0.8,0.0
1.983,1493.75,329.56,0.0,LEAK,0.8,0.0
1.984,1501.31,329.97,0.0,LEAK,0.8,0.0
1.985,1496.21,332.1,0.0,LEAK,0.8,0.0
1.986,1491.04,331.48,0.0,LEAK,0.8,0.0
1.987,1494.53,328.88,0.0,LEAK,0.8,0.0
1.988,1502.71,327.59,0.0,LEAK,0.8,0.0
1.989,1502.19,328.06,0.0,LEAK,0.8,0.0
1.99,1496.49,327.7,0.0,LEAK,0.8,0.0
1.991,1491.87,326.8,0.0,LEAK,0.8,0.0
1.992,1496.29,327.64,0.0,LEAK,0.8,0.0
1.993,1494.98,324.32,0.0,LEAK,0.8,0.0
1.994,1502.57,329.54,0.0,LEAK,0.8,0.0
1.995,1501.61,325.92,0.0,LEAK,0.8,0.0
1.996,1505.23,327.79,0.0,LEAK,0.8,0.0
1.997,1502.9,324.69,0.0,LEAK,0.8,0.0
1.998,1497.41,326.78,0.0,LEAK,0.8,0.0
1.999,1499.97,326.35,0.0,LEAK,0.8,0.0
2.0,1497.31,325.9,0.0,LEAK,0.8,0.0
2.001,1497.77,327.34,0.0,LEAK,0.8,0.0
2.002,1498.94,322.09,0.0,LEAK,0.8,0.0
2.003,1496.37,324.69,0.0,LEAK,0.8,0.0
2.004,1502.98,323.42,0.0,LEAK,0.8,0.0
2.005,1504.16,325.62,0.0,LEAK,0.8,0.0
2.006,1502.62,322.91,0.0,LEAK,0.8,0.0
2.007,1501.63,322.23,0.0,LEAK,0.8,0.0
2.008,1505.26,323.62,0.0,LEAK,0.8,0.0
2.009,1499.97,321.08,0.0,LEAK,0.8,0.0
2.01,1506.14,321.04,0.0,LEAK,0.8,0.0
2.011,1505.46,322.6,0.0,LEAK,0.8,0.0
2.012,1504.37,320.85,0.0,LEAK,0.8,0.0
2.013,1501.29,321.24,0.0,LEAK,0.8,0.0
2.014,1506.32,321.77,0.0,LEAK,0.8,0.0
2.015,1502.57,321.06,0.0,LEAK,0.8,0.0
2.016,1503.49,321.21,0.0,LEAK,0.8,0.0
2.017,1505.79,319.99,0.0,LEAK,0.8,0.0
2.018,1508.16,319.07,0.0,LEAK,0.8,0.0
2.019,1505.51,315.57,0.0,LEAK,0.8,0.0
2.02,1502.91,315.72,0.0,LEAK,0.8,0.0
2.021,1506.98,318.04,0.0,LEAK,0.8,0.0
2.022,1508.59,321.92,0.0,LEAK,0.8,0.0
2.023,1507.65,317.85,0.0,LEAK,0.8,0.0
2.024,1510.24,317.39,0.0,LEAK,0.8,0.0
2.025,1506.41,316.55,0.0,LEAK,0.8,0.0
2.026,1505.62,319.09,0.0,LEAK,0.8,0.0
2.027,1506.83,316.07,0.0,LEAK,0.8,0.0
2.028,1510.86,316.55,0.0,LEAK,0.8,0.0
2.029,1514.97,318.17,0.0,LEAK,0.8,0.0
2.03,1508.36,314.93,0.0,LEAK,0.8,0.0
2.031,1510.99,318.21,0.0,LEAK,0.8,0.0
2.032,1507.48,316.66,0.0,LEAK,0.8,0.0
2.033,1505.45,312.88,0.0,LEAK,0.8,0.0
2.034,1505.56,316.69,0.0,LEAK,0.8,0.0
2.035,1510.9,315.7,0.0,LEAK,0.8,0.0
2.036,1514.31,312.79,0.0,LEAK,0.8,0.0
2.037,1507.46,312.9,0.0,LEAK,0.8,0.0
2.038,1508.5,314.58,0.0,LEAK,0.8,0.0
2.039,1511.69,313.51,0.0,LEAK,0.8,0.0
2.04,1507.86,313.62,0.0,LEAK,0.8,0.0
2.041,1507.48,310.55,0.0,LEAK,0.8,0.0
2.042,1507.39,311.72,0.0,LEAK,0.8,0.0
2.043,1506.98,311.3,0.0,LEAK,0.8,0.0
2.044,1511.04,311.72,0.0,LEAK,0.8,0.0
2.045,1508.75,311.08,0.0,LEAK,0.8,0.0
2.046,1511.65,308.46,0.0,LEAK,0.8,0.0
2.047,1510.93,311.72,0.0,LEAK,0.8,0.0
2.048,1511.99,311.3,0.0,LEAK,0.8,0.0
2.049,1507.6,312.68,0.0,LEAK,0.8,0.0
2.05,1511.32,306.9,0.0,LEAK,0.8,0.0
2.051,1509.33,307.32,0.0,LEAK,0.8,0.0
2.052,1515.1,307.61,0.0,LEAK,0.8,0.0
2.053,1514.34,307.04,0.0,LEAK,0.8,0.0
2.054,1506.84,309.27,0.0,LEAK,0.8,0.0
2.055,1510.71,310.41,0.0,LEAK,0.8,0.0
2.056,1512.81,307.58,0.0,LEAK,0.8,0.0
2.057,1509.41,306.99,0.0,LEAK,0.8,0.0
2.058,1508.78,307.31,0.0,LEAK,0.8,0.0
2.059,1511.95,305.76,0.0,LEAK,0.8,0.0
2.06,1510.47,308.68,0.0,LEAK,0.8,0.0
2.061,1509.29,307.34,0.0,LEAK,0.8,0.0
2.062,1515.54,308.22,0.0,LEAK,0.8,0.0
2.063,1511.1,304.84,0.0,LEAK,0.8,0.0
2.064,1509.16,306.94,0.0,LEAK,0.8,0.0
2.065,1507.23,305.55,0.0,LEAK,0.8,0.0
2.066,1506.14,303.54,0.0,LEAK,0.8,0.0
2.067,1512.16,304.27,0.0,LEAK,0.8,0.0
2.068,1506.25,304.35,0.0,LEAK,0.8,0.0
2.069,1504.63,304.21,0.0,LEAK,0.8,0.0
2.07,1507.29,303.46,0.0,LEAK,0.8,0.0
2.071,1506.3,301.08,0.0,LEAK,0.8,0.0
2.072,1507.69,302.41,0.0,LEAK,0.8,0.0
2.073,1508.92,301.41,0.0,LEAK,0.8,0.0
2.074,1507.48,303.77,0.0,LEAK,0.8,0.0
2.075,1508.05,303.89,0.0,LEAK,0.8,0.0
2.076,1508.41,299.06,0.0,LEAK,0.8,0.0
2.077,1510.73,301.64,0.0,LEAK,0.8,0.0
2.078,1502.72,301.35,0.0,LEAK,0.8,0.0
2.079,1504.84,300.14,0.0,LEAK,0.8,0.0
2.08,1504.64,302.4,0.0,LEAK,0.8,0.0
2.081,1506.8,301.76,0.0,LEAK,0.8,0.0
2.082,1508.93,298.15,0.0,LEAK,0.8,0.0
2.083,1505.47,299.83,0.0,LEAK,0.8,0.0
2.084,1507.01,300.41,0.0,LEAK,0.8,0.0
2.085,1504.23,296.88,0.0,LEAK,0.8,0.0
2.086,1505.97,297.52,0.0,LEAK,0.8,0.0
2.087,1504.54,297.91,0.0,LEAK,0.8,0.0
2.088,1509.83,299.35,0.0,LEAK,0.8,0.0
2.089,1505.84,297.52,0.0,LEAK,0.8,0.0
2.09,1504.33,297.69,0.0,LEAK,0.8,0.0
2.091,1498.59,297.9,0.0,LEAK,0.8,0.0
2.092,1506.41,297.58,0.0,LEAK,0.8,0.0
2.093,1501.64,297.17,0.0,LEAK,0.8,0.0
2.094,1500.27,295.55,0.0,LEAK,0.8,0.0
2.095,1504.52,295.25,0.0,LEAK,0.8,0.0
2.096,1498.76,299.05,0.0,LEAK,0.8,0.0
2.097,1495.08,296.62,0.0,LEAK,0.8,0.0
2.098,1497.58,297.8,0.0,LEAK,0.8,0.0
2.099,1502.58,295.06,0.0,LEAK,0.8,0.0
2.1,1499.67,296.05,0.0,LEAK,0.8,0.0
2.101,1499.41,297.01,0.0,LEAK,0.8,0.0
2.102,1495.43,293.38,0.0,LEAK,0.8,0.0
2.103,1497.68,293.41,0.0,LEAK,0.8,0.0
2.104,1501.64,295.16,0.0,LEAK,0.8,0.0
2.105,1495.45,292.09,0.0,LEAK,0.8,0.0
2.106,1494.01,294.27,0.0,LEAK,0.8,0.0
2.107,1495.89,294.83,0.0,LEAK,0.8,0.0
2.108,1500.62,292.66,0.0,LEAK,0.8,0.0
2.109,1497.81,293.05,0.0,LEAK,0.8,0.0
2.11,1496.9,293.83,0.0,LEAK,0.8,0.0
2.111,1497.41,292.09,0.0,LEAK,0.8,0.0
2.112,1490.46,293.26,0.0,LEAK,0.8,0.0
2.113,1493.36,294.39,0.0,LEAK,0.8,0.0
2.114,1486.18,289.56,0.0,LEAK,0.8,0.0
2.115,1495.97,291.67,0.0,LEAK,0.8,0.0
2.116,1493.01,291.3,0.0,LEAK,0.8,0.0
2.117,1499.82,292.16,0.0,LEAK,0.8,0.0
2.118,1489.84,290.12,0.0,LEAK,0.8,0.0
2.119,1492.31,289.28,0.0,LEAK,0.8,0.0
2.12,1492.52,290.64,0.0,LEAK,0.8,0.0
2.121,1495.0,289.08,0.0,LEAK,0.8,0.0
2.122,1490.97,287.65,0.0,LEAK,0.8,0.0
2.123,1493.75,286.84,0.0,LEAK,0.8,0.0
2.124,1495.39,289.98,0.0,LEAK,0.8,0.0
2.125,1490.93,288.18,0.0,LEAK,0.8,0.0
2.126,1488.23,288.77,0.0,LEAK,0.8,0.0
2.127,1494.54,289.59,0.0,LEAK,0.8,0.0
2.128,1490.07,287.14,0.0,LEAK,0.8,0.0
2.129,1490.78,287.88,0.0,LEAK,0.8,0.0
2.13,1490.14,287.07,0.0,LEAK,0.8,0.0
2.131,1491.95,285.74,0.0,LEAK,0.8,0.0
2.132,1484.81,285.77,0.0,LEAK,0.8,0.0
2.133,1497.69,286.57,0.0,LEAK,0.8,0.0
2.134,1494.42,287.56,0.0,LEAK,0.8,0.0
2.135,1487.79,286.25,0.0,LEAK,0.8,0.0
2.136,1487.49,284.37,0.0,LEAK,0.8,0.0
2.137,1492.55,284.1,0.0,LEAK,0.8,0.0
2.138,1491.45,286.57,0.0,LEAK,0.8,0.0
2.139,1490.82,284.9,0.0,LEAK,0.8,0.0
2.14,1484.18,285.03,0.0,LEAK,0.8,0.0
2.141,1492.84,284.87,0.0,LEAK,0.8,0.0
2.142,1489.7,285.42,0.0,LEAK,0.8,0.0
2.143,1486.44,286.52,0.0,LEAK,0.8,0.0
2.144,1486.77,281.47,0.0,LEAK,0.8,0.0
2.145,1489.6,281.19,0.0,LEAK,0.8,0.0
2.146,1492.72,284.12,0.0,LEAK,0.8,0.0
2.147,1491.53,282.72,0.0,LEAK,0.8,0.0
2.148,1488.78,282.97,0.0,LEAK,0.8,0.0
2.149,1494.45,283.03,0.0,LEAK,0.8,0.0
2.15,1492.14,281.12,0.0,LEAK,0.8,0.0
2.151,1490.11,281.94,0.0,LEAK,0.8,0.0
2.152,1489.51,283.26,0.0,LEAK,0.8,0.0
2.153,1488.05,280.72,0.0,LEAK,0.8,0.0
2.154,1496.27,280.07,0.0,LEAK,0.8,0.0
2.155,1492.55,280.51,0.0,LEAK,0.8,0.0
2.156,1483.96,280.95,0.0,LEAK,0.8,0.0
2.157,1488.03,280.98,0.0,LEAK,0.8,0.0
2.158,1489.0,280.49,0.0,LEAK,0.8,0.0
2.159,1487.26,278.66,0.0,LEAK,0.8,0.0
2.16,1488.27,279.65,0.0,LEAK,0.8,0.0
2.161,1494.77,278.08,0.0,LEAK,0.8,0.0
2.162,1491.34,278.53,0.0,LEAK,0.8,0.0
2.163,1491.75,279.98,0.0,LEAK,0.8,0.0
2.164,1486.99,276.31,0.0,LEAK,0.8,0.0
2.165,1497.21,276.35,0.0,LEAK,0.8,0.0
2.166,1489.62,275.78,0.0,LEAK,0.8,0.0
2.167,1486.97,278.38,0.0,LEAK,0.8,0.0
2.168,1495.99,279.31,0.0,LEAK,0.8,0.0
2.169,1488.96,274.6,0.0,LEAK,0.8,0.0
2.17,1494.83,276.87,0.0,LEAK,0.8,0.0
2.171,1494.79,274.92,0.0,LEAK,0.8,0.0
2.172,1495.44,276.67,0.0,LEAK,0.8,0.0
2.173,1489.55,274.89,0.0,LEAK,0.8,0.0
2.174,1495.38,276.47,0.0,LEAK,0.8,0.0
2.175,1488.9,272.7,0.0,LEAK,0.8,0.0
2.176,1492.87,276.16,0.0,LEAK,0.8,0.0
2.177,1492.2,275.25,0.0,LEAK,0.8,0.0
2.178,1492.86,277.72,0.0,LEAK,0.8,0.0
2.179,1495.83,275.36,0.0,LEAK,0.8,0.0
2.18,1496.14,277.2,0.0,LEAK,0.8,0.0
2.181,1493.17,274.19,0.0,LEAK,0.8,0.0
2.182,1495.0,269.82,0.0,LEAK,0.8,0.0
2.183,1497.69,271.15,0.0,LEAK,0.8,0.0
2.184,1492.13,273.06,0.0,LEAK,0.8,0.0
2.185,1492.88,273.89,0.0,LEAK,0.8,0.0
2.186,1494.11,271.68,0.0,LEAK,0.8,0.0
2.187,1496.4,275.0,0.0,LEAK,0.8,0.0
2.188,1500.89,273.78,0.0,LEAK,0.8,0.0
2.189,1498.86,273.37,0.0,LEAK,0.8,0.0
2.19,1493.37,272.44,0.0,LEAK,0.8,0.0
2.191,1499.47,271.21,0.0,LEAK,0.8,0.0
2.192,1500.18,271.53,0.0,LEAK,0.8,0.0
2.193,1497.49,269.45,0.0,LEAK,0.8,0.0
2.194,1495.39,269.9,0.0,LEAK,0.8,0.0
2.195,1495.56,269.27,0.0,LEAK,0.8,0.0
2.196,1498.4,268.53,0.0,LEAK,0.8,0.0
2.197,1495.21,270.93,0.0,LEAK,0.8,0.0
2.198,1496.04,270.94,0.0,LEAK,0.8,0.0
2.199,1496.6,270.79,0.0,LEAK,0.8,0.0
2.2,1501.31,267.61,0.0,LEAK,0.8,0.0
2.201,1505.88,269.25,0.0,LEAK,0.8,0.0
2.202,1502.36,267.78,0.0,LEAK,0.8,0.0
2.203,1501.36,269.98,0.0,LEAK,0.8,0.0
2.204,1500.72,269.0,0.0,LEAK,0.8,0.0
2.205,1495.9,265.67,0.0,LEAK,0.8,0.0
2.206,1510.37,269.19,0.0,LEAK,0.8,0.0
2.207,1503.15,266.71,0.0,LEAK,0.8,0.0
2.208,1504.5,265.5,0.0,LEAK,0.8,0.0
2.209,1498.39,266.97,0.0,LEAK,0.8,0.0
2.21,1504.65,267.58,0.0,LEAK,0.8,0.0
2.211,1503.31,267.09,0.0,LEAK,0.8,0.0
2.212,1504.49,266.92,0.0,LEAK,0.8,0.0
2.213,1505.05,265.67,0.0,LEAK,0.8,0.0
2.214,1511.98,264.73,0.0,LEAK,0.8,0.0
2.215,1508.3,262.63,0.0,LEAK,0.8,0.0
2.216,1506.21,266.12,0.0,LEAK,0.8,0.0
2.217,1504.2,263.27,0.0,LEAK,0.8,0.0
2.218,1498.58,263.91,0.0,LEAK,0.8,0.0
2.219,1506.95,265.66,0.0,LEAK,0.8,0.0
2.22,1498.71,263.16,0.0,LEAK,0.8,0.0
2.221,1507.5,264.78,0.0,LEAK,0.8,0.0
2.222,1499.42,261.13,0.0,LEAK,0.8,0.0
2.223,1505.18,265.22,0.0,LEAK,0.8,0.0
2.224,1506.95,264.6,0.0,LEAK,0.8,0.0
2.225,1505.08,263.49,0.0,LEAK,0.8,0.0
2.226,1511.28,262.52,0.0,LEAK,0.8,0.0
2.227,1505.6,259.99,0.0,LEAK,0.8,0.0
2.228,1507.71,261.85,0.0,LEAK,0.8,0.0
2.229,1503.75,262.97,0.0,LEAK,0.8,0.0
2.23,1506.95,260.61,0.0,LEAK,0.8,0.0
2.231,1507.94,261.34,0.0,LEAK,0.8,0.0
2.232,1501.99,264.38,0.0,LEAK,0.8,0.0
2.233,1507.05,261.22,0.0,LEAK,0.8,0.0
2.234,1509.45,260.26,0.0,LEAK,0.8,0.0
2.235,1509.4,259.57,0.0,LEAK,0.8,0.0
2.236,1510.93,260.48,0.0,LEAK,0.8,0.0
2.237,1508.47,261.02,0.0,LEAK,0.8,0.0
2.238,1509.09,262.18,0.0,LEAK,0.8,0.0
2.239,1515.49,258.36,0.0,LEAK,0.8,0.0
2.24,1510.06,261.4,0.0,LEAK,0.8,0.0
2.241,1513.12,258.59,0.0,LEAK,0.8,0.0
2.242,1509.56,257.58,0.0,LEAK,0.8,0.0
2.243,1511.7,258.1,0.0,LEAK,0.8,0.0
2.244,1508.18,258.75,0.0,LEAK,0.8,0.0
2.245,1507.64,257.54,0.0,LEAK,0.8,0.0
2.246,1510.11,258.95,0.0,LEAK,0.8,0.0
2.247,1505.0,258.86,0.0,LEAK,0.8,0.0
2.248,1508.76,259.34,0.0,LEAK,0.8,0.0
2.249,1509.97,257.9,0.0,LEAK,0.8,0.0
2.25,1509.36,255.18,0.0,LEAK,0.8,0.0
2.251,1512.57,257.7,0.0,LEAK,0.8,0.0
2.252,1514.61,257.26,0.0,LEAK,0.8,0.0
2.253,1508.17,257.98,0.0,LEAK,0.8,0.0
2.254,1512.3,256.55,0.0,LEAK,0.8,0.0
2.255,1506.26,257.16,0.0,LEAK,0.8,0.0
2.256,1508.33,258.14,0.0,LEAK,0.8,0.0
2.257,1508.66,256.39,0.0,LEAK,0.8,0.0
2.258,1507.09,256.25,0.0,LEAK,0.8,0.0
2.259,1513.28,255.69,0.0,LEAK,0.8,0.0
2.26,1509.45,256.99,0.0,LEAK,0.8,0.0
2.261,1507.27,257.13,0.0,LEAK,0.8,0.0
2.262,1508.18,256.62,0.0,LEAK,0.8,0.0
2.263,1505.95,253.16,0.0,LEAK,0.8,0.0
2.264,1508.18,251.67,0.0,LEAK,0.8,0.0
2.265,1510.2,254.31,0.0,LEAK,0.8,0.0
2.266,1505.54,252.17,0.0,LEAK,0.8,0.0
2.267,1507.79,255.23,0.0,LEAK,0.8,0.0
2.268,1505.3,252.46,0.0,LEAK,0.8,0.0
2.269,1507.41,255.05,0.0,LEAK,0.8,0.0
2.27,1510.97,253.69,0.0,LEAK,0.8,0.0
2.271,1512.96,253.75,0.0,LEAK,0.8,0.0
2.272,1507.6,254.34,0.0,LEAK,0.8,0.0
2.273,1505.76,255.37,0.0,LEAK,0.8,0.0
2.274,1507.94,252.15,0.0,LEAK,0.8,0.0
2.275,1505.21,251.08,0.0,LEAK,0.8,0.0
2.276,1506.67,251.63,0.0,LEAK,0.8,0.0
2.277,1503.49,251.49,0.0,LEAK,0.8,0.0
2.278,1510.32,251.45,0.0,LEAK,0.8,0.0
2.279,1515.36,251.8,0.0,LEAK,0.8,0.0
2.28,1501.13,251.44,0.0,LEAK,0.8,0.0
2.281,1504.63,249.77,0.0,LEAK,0.8,0.0
2.282,1505.72,249.52,0.0,LEAK,0.8,0.0
2.283,1508.01,251.11,0.0,LEAK,0.8,0.0
2.284,1508.37,251.86,0.0,LEAK,0.8,0.0
2.285,1501.79,250.19,0.0,LEAK,0.8,0.0
2.286,1503.61,248.3,0.0,LEAK,0.8,0.0
2.287,1503.14,249.01,0.0,LEAK,0.8,0.0
2.288,1507.57,250.82,0.0,LEAK,0.8,0.0
2.289,1499.98,248.08,0.0,LEAK,0.8,0.0
2.29,1503.65,247.11,0.0,LEAK,0.8,0.0
2.291,1508.56,249.69,0.0,LEAK,0.8,0.0
2.292,1499.07,249.14,0.0,LEAK,0.8,0.0
2.293,1503.45,246.53,0.0,LEAK,0.8,0.0
2.294,1504.24,248.5,0.0,LEAK,0.8,0.0
2.295,1499.39,246.81,0.0,LEAK,0.8,0.0
2.296,1502.49,247.28,0.0,LEAK,0.8,0.0
2.297,1498.33,247.72,0.0,LEAK,0.8,0.0
2.298,1498.38,244.81,0.0,LEAK,0.8,0.0
2.299,1497.21,245.21,0.0,LEAK,0.8,0.0
2.3,1502.55,248.43,0.0,LEAK,0.8,0.0
2.301,1500.35,244.92,0.0,LEAK,0.8,0.0
2.302,1504.62,249.68,0.0,LEAK,0.8,0.0
2.303,1498.21,243.59,0.0,LEAK,0.8,0.0
2.304,1498.95,243.03,0.0,LEAK,0.8,0.0
2.305,1492.92,248.48,0.0,LEAK,0.8,0.0
2.306,1497.35,246.96,0.0,LEAK,0.8,0.0
2.307,1496.46,244.85,0.0,LEAK,0.8,0.0
2.308,1498.52,244.13,0.0,LEAK,0.8,0.0
2.309,1498.15,247.2,0.0,LEAK,0.8,0.0
2.31,1498.39,244.63,0.0,LEAK,0.8,0.0
2.311,1497.95,248.23,0.0,LEAK,0.8,0.0
2.312,1495.28,243.48,0.0,LEAK,0.8,0.0
2.313,1496.57,242.44,0.0,LEAK,0.8,0.0
2.314,1494.66,245.54,0.0,LEAK,0.8,0.0
2.315,1495.51,246.37,0.0,LEAK,0.8,0.0
2.316,1493.96,242.47,0.0,LEAK,0.8,0.0
2.317,1492.47,244.08,0.0,LEAK,0.8,0.0
2.318,1497.59,242.76,0.0,LEAK,0.8,0.0
2.319,1495.51,242.4,0.0,LEAK,0.8,0.0
2.32,1495.24,241.91,0.0,LEAK,0.8,0.0
2.321,1494.92,242.97,0.0,LEAK,0.8,0.0
2.322,1492.06,241.68,0.0,LEAK,0.8,0.0
2.323,1500.32,242.1,0.0,LEAK,0.8,0.0
2.324,1491.27,242.48,0.0,LEAK,0.8,0.0
2.325,1494.73,241.83,0.0,LEAK,0.8,0.0
2.326,1491.01,240.93,0.0,LEAK,0.8,0.0
2.327,1497.46,240.93,0.0,LEAK,0.8,0.0
2.328,1489.6,240.64,0.0,LEAK,0.8,0.0
2.329,1492.33,242.55,0.0,LEAK,0.8,0.0
2.33,1486.68,241.86,0.0,LEAK,0.8,0.0
2.331,1487.31,240.79,0.0,LEAK,0.8,0.0
2.332,1489.91,239.84,0.0,LEAK,0.8,0.0
2.333,1490.99,239.74,0.0,LEAK,0.8,0.0
2.334,1488.06,243.41,0.0,LEAK,0.8,0.0
2.335,1494.4,242.29,0.0,LEAK,0.8,0.0
2.336,1492.38,238.66,0.0,LEAK,0.8,0.0
2.337,1496.42,239.45,0.0,LEAK,0.8,0.0
2.338,1492.77,238.0,0.0,LEAK,0.8,0.0
2.339,1486.8,237.48,0.0,LEAK,0.8,0.0
2.34,1490.84,238.57,0.0,LEAK,0.8,0.0
2.341,1491.17,238.36,0.0,LEAK,0.8,0.0
2.342,1492.34,238.85,0.0,LEAK,0.8,0.0
2.343,1490.24,238.14,0.0,LEAK,0.8,0.0
2.344,1492.53,240.25,0.0,LEAK,0.8,0.0
2.345,1486.6,238.56,0.0,LEAK,0.8,0.0
2.346,1488.55,237.62,0.0,LEAK,0.8,0.0
2.347,1492.86,237.25,0.0,LEAK,0.8,0.0
2.348,1491.86,237.44,0.0,LEAK,0.8,0.0
2.349,1486.36,237.39,0.0,LEAK,0.8,0.0
2.35,1494.2,236.77,0.0,LEAK,0.8,0.0
2.351,1493.33,238.15,0.0,LEAK,0.8,0.0
2.352,1487.53,233.03,0.0,LEAK,0.8,0.0
2.353,1484.78,236.69,0.0,LEAK,0.8,0.0
2.354,1489.06,233.37,0.0,LEAK,0.8,0.0
2.355,1484.88,237.14,0.0,LEAK,0.8,0.0
2.356,1491.95,236.11,0.0,LEAK,0.8,0.0
2.357,1489.34,234.95,0.0,LEAK,0.8,0.0
2.358,1489.44,236.07,0.0,LEAK,0.8,0.0
2.359,1490.57,232.75,0.0,LEAK,0.8,0.0
2.36,1492.43,235.22,0.0,LEAK,0.8,0.0
2.361,1488.34,233.87,0.0,LEAK,0.8,0.0
2.362,1491.59,233.02,0.0,LEAK,0.8,0.0
2.363,1491.79,235.38,0.0,LEAK,0.8,0.0
2.364,1492.41,231.04,0.0,LEAK,0.8,0.0
2.365,1492.59,232.05,0.0,LEAK,0.8,0.0
2.366,1493.51,234.32,0.0,LEAK,0.8,0.0
2.367,1490.61,237.02,0.0,LEAK,0.8,0.0
2.368,1492.1,232.85,0.0,LEAK,0.8,0.0
2.369,1489.87,232.1,0.0,LEAK,0.8,0.0
2.37,1489.04,233.26,0.0,LEAK,0.8,0.0
2.371,1493.77,230.24,0.0,LEAK,0.8,0.0
2.372,1494.04,234.32,0.0,LEAK,0.8,0.0
2.373,1492.98,230.82,0.0,LEAK,0.8,0.0
2.374,1496.44,230.75,0.0,LEAK,0.8,0.0
2.375,1503.14,231.53,0.0,LEAK,0.8,0.0
2.376,1492.91,233.83,0.0,LEAK,0.8,0.0
2.377,1491.76,231.84,0.0,LEAK,0.8,0.0
2.378,1493.09,231.06,0.0,LEAK,0.8,0.0
2.379,1490.78,231.06,0.0,LEAK,0.8,0.0
2.38,1492.33,231.72,0.0,LEAK,0.8,0.0
2.381,1493.54,231.44,0.0,LEAK,0.8,0.0
2.382,1494.07,232.49,0.0,LEAK,0.8,0.0
2.383,1493.99,230.21,0.0,LEAK,0.8,0.0
2.384,1494.88,230.48,0.0,LEAK,0.8,0.0
2.385,1492.03,229.14,0.0,LEAK,0.8,0.0
2.386,1495.55,227.52,0.0,LEAK,0.8,0.0
2.387,1496.21,228.66,0.0,LEAK,0.8,0.0
2.388,1496.71,228.65,0.0,LEAK,0.8,0.0
2.389,1494.3,230.78,0.0,LEAK,0.8,0.0
2.39,1493.41,227.38,0.0,LEAK,0.8,0.0
2.391,1495.19,230.3,0.0,LEAK,0.8,0.0
2.392,1499.39,228.15,0.0,LEAK,0.8,0.0
2.393,1495.2,226.86,0.0,LEAK,0.8,0.0
2.394,1502.49,227.48,0.0,LEAK,0.8,0.0
2.395,1504.8,226.85,0.0,LEAK,0.8,0.0
2.396,1499.58,227.56,0.0,LEAK,0.8,0.0
2.397,1497.84,227.56,0.0,LEAK,0.8,0.0
2.398,1498.05,229.02,0.0,LEAK,0.8,0.0
2.399,1496.61,227.5,0.0,LEAK,0.8,0.0
2.4,1499.07,226.93,0.0,LEAK,0.8,0.0
2.401,1502.1,226.82,0.0,LEAK,0.8,0.0
2.402,1499.13,225.9,0.0,LEAK,0.8,0.0
2.403,1498.29,224.04,0.0,LEAK,0.8,0.0
2.404,1496.09,227.63,0.0,LEAK,0.8,0.0
2.405,1505.37,226.06,0.0,LEAK,0.8,0.0
2.406,1505.68,222.87,0.0,LEAK,0.8,0.0
2.407,1492.32,225.18,0.0,LEAK,0.8,0.0
2.408,1504.8,228.56,0.0,LEAK,0.8,0.0
2.409,1497.68,225.84,0.0,LEAK,0.8,0.0
2.41,1500.71,224.39,0.0,LEAK,0.8,0.0
2.411,1503.47,228.18,0.0,LEAK,0.8,0.0
2.412,1506.17,226.95,0.0,LEAK,0.8,0.0
2.413,1503.72,221.84,0.0,LEAK,0.8,0.0
2.414,1504.18,226.46,0.0,LEAK,0.8,0.0
2.415,1506.85,226.11,0.0,LEAK,0.8,0.0
2.416,1511.02,226.98,0.0,LEAK,0.8,0.0
2.417,1499.65,223.38,0.0,LEAK,0.8,0.0
2.418,1503.41,224.48,0.0,LEAK,0.8,0.0
2.419,1504.88,221.71,0.0,LEAK,0.8,0.0
2.42,1504.47,221.01,0.0,LEAK,0.8,0.0
2.421,1507.44,221.04,0.0,LEAK,0.8,0.0
2.422,1500.22,225.13,0.0,LEAK,0.8,0.0
2.423,1510.41,223.96,0.0,LEAK,0.8,0.0
2.424,1506.46,222.93,0.0,LEAK,0.8,0.0
2.425,1511.62,221.92,0.0,LEAK,0.8,0.0
2.426,1509.73,223.23,0.0,LEAK,0.8,0.0
2.427,1507.5,222.61,0.0,LEAK,0.8,0.0
2.428,1510.15,220.85,0.0,LEAK,0.8,0.0
2.429,1508.94,222.0,0.0,LEAK,0.8,0.0
2.43,1508.1,224.42,0.0,LEAK,0.8,0.0
2.431,1506.65,221.23,0.0,LEAK,0.8,0.0
2.432,1510.16,222.95,0.0,LEAK,0.8,0.0
2.433,1509.87,222.39,0.0,LEAK,0.8,0.0
2.434,1510.02,221.44,0.0,LEAK,0.8,0.0
2.435,1510.82,225.67,0.0,LEAK,0.8,0.0
2.436,1502.32,221.64,0.0,LEAK,0.8,0.0
2.437,1512.28,220.99,0.0,LEAK,0.8,0.0
2.438,1510.87,218.85,0.0,LEAK,0.8,0.0
2.439,1507.48,221.06,0.0,LEAK,0.8,0.0
2.44,1512.39,221.74,0.0,LEAK,0.8,0.0
2.441,1512.16,220.4,0.0,LEAK,0.8,0.0
2.442,1505.84,218.41,0.0,LEAK,0.8,0.0
2.443,1512.92,219.24,0.0,LEAK,0.8,0.0
2.444,1510.69,218.38,0.0,LEAK,0.8,0.0
2.445,1505.22,218.09,0.0,LEAK,0.8,0.0
2.446,1506.81,218.77,0.0,LEAK,0.8,0.0
2.447,1509.5,217.93,0.0,LEAK,0.8,0.0
2.448,1513.78,220.04,0.0,LEAK,0.8,0.0
2.449,1513.92,219.03,0.0,LEAK,0.8,0.0
2.45,1511.94,217.01,0.0,LEAK,0.8,0.0
2.451,1510.4,219.11,0.0,LEAK,0.8,0.0
2.452,1508.04,218.45,0.0,LEAK,0.8,0.0
2.453,1507.4,215.29,0.0,LEAK,0.8,0.0
2.454,1511.21,214.46,0.0,LEAK,0.8,0.0
2.455,1510.55,220.19,0.0,LEAK,0.8,0.0
2.456,1508.72,218.04,0.0,LEAK,0.8,0.0
2.457,1512.32,215.83,0.0,LEAK,0.8,0.0
2.458,1507.76,214.74,0.0,LEAK,0.8,0.0
2.459,1508.64,214.04,0.0,LEAK,0.8,0.0
2.46,1514.81,217.53,0.0,LEAK,0.8,0.0
2.461,1506.02,217.18,0.0,LEAK,0.8,0.0
2.462,1514.09,215.19,0.0,LEAK,0.8,0.0
2.463,1511.4,215.17,0.0,LEAK,0.8,0.0
2.464,1509.95,217.42,0.0,LEAK,0.8,0.0
2.465,1510.06,218.53,0.0,LEAK,0.8,0.0
2.466,1510.93,216.12,0.0,LEAK,0.8,0.0
2.467,1509.83,217.12,0.0,LEAK,0.8,0.0
2.468,1509.4,215.89,0.0,LEAK,0.8,0.0
2.469,1507.09,214.06,0.0,LEAK,0.8,0.0
2.47,1509.17,216.26,0.0,LEAK,0.8,0.0
2.471,1508.4,214.25,0.0,LEAK,0.8,0.0
2.472,1514.41,213.09,0.0,LEAK,0.8,0.0
2.473,1507.27,214.48,0.0,LEAK,0.8,0.0
2.474,1507.56,212.08,0.0,LEAK,0.8,0.0
2.475,1509.2,215.82,0.0,LEAK,0.8,0.0
2.476,1505.63,217.45,0.0,LEAK,0.8,0.0
2.477,1504.22,212.82,0.0,LEAK,0.8,0.0
2.478,1510.61,214.99,0.0,LEAK,0.8,0.0
2.479,1506.13,214.39,0.0,LEAK,0.8,0.0
2.48,1508.93,211.58,0.0,LEAK,0.8,0.0
2.481,1508.97,213.56,0.0,LEAK,0.8,0.0
2.482,1501.92,212.67,0.0,LEAK,0.8,0.0
2.483,1503.02,213.95,0.0,LEAK,0.8,0.0
2.484,1497.21,212.94,0.0,LEAK,0.8,0.0
2.485,1503.03,213.77,0.0,LEAK,0.8,0.0
2.486,1499.78,212.93,0.0,LEAK,0.8,0.0
2.487,1504.51,210.58,0.0,LEAK,0.8,0.0
2.488,1503.87,210.34,0.0,LEAK,0.8,0.0
2.489,1499.39,211.24,0.0,LEAK,0.8,0.0
2.49,1505.48,212.23,0.0,LEAK,0.8,0.0
2.491,1506.35,213.32,0.0,LEAK,0.8,0.0
2.492,1503.39,211.2,0.0,LEAK,0.8,0.0
2.493,1496.19,211.06,0.0,LEAK,0.8,0.0
2.494,1505.46,209.06,0.0,LEAK,0.8,0.0
2.495,1499.81,210.34,0.0,LEAK,0.8,0.0
2.496,1503.61,212.12,0.0,LEAK,0.8,0.0
2.497,1502.79,209.34,0.0,LEAK,0.8,0.0
2.498,1501.6,211.21,0.0,LEAK,0.8,0.0
2.499,1499.81,210.07,0.0,LEAK,0.8,0.0
